transformed_feature,coefficient,raw_feature,abs_coefficient
icu_admit_source_Operating Room / Recovery,-0.5329370343114715,icu_admit_source,0.5329370343114715
apache_3j_diagnosis_403.01,0.5264608234736119,apache_3j_diagnosis,0.5264608234736119
age,0.5091668999950769,age,0.5091668999950769
apache_3j_diagnosis_102.01,0.49583740983652713,apache_3j_diagnosis,0.49583740983652713
apache_2_diagnosis_114.0,0.4800693162731553,apache_2_diagnosis,0.4800693162731553
apache_3j_diagnosis_410.01,-0.4543827543535867,apache_3j_diagnosis,0.4543827543535867
apache_3j_diagnosis_1207.01,-0.45436970285036365,apache_3j_diagnosis,0.45436970285036365
hospital_id_76.0,0.4345144928513038,hospital_id,0.4345144928513038
apache_2_diagnosis_124.0,-0.43265730897067917,apache_2_diagnosis,0.43265730897067917
apache_3j_bodysystem_Metabolic,-0.4015667091324606,apache_3j_bodysystem,0.4015667091324606
apache_2_bodysystem_Metabolic,-0.4015667091324606,apache_2_bodysystem,0.4015667091324606
apache_2_diagnosis_121.0,0.399800361447338,apache_2_diagnosis,0.399800361447338
apache_3j_diagnosis_1206.03,-0.3676652976551819,apache_3j_diagnosis,0.3676652976551819
gender_F,-0.3543112831335661,gender,0.3543112831335661
apache_2_diagnosis_217.0,0.3538766843573711,apache_2_diagnosis,0.3538766843573711
apache_2_diagnosis_120.0,-0.34899803613161196,apache_2_diagnosis,0.34899803613161196
apache_3j_diagnosis_407.01,-0.34899803613161196,apache_3j_diagnosis,0.34899803613161196
apache_3j_diagnosis_401.01,0.34435047082551895,apache_3j_diagnosis,0.34435047082551895
hospital_id_188.0,-0.33839943097939196,hospital_id,0.33839943097939196
d1_bun_min,0.33602443764602924,d1_bun_min,0.33602443764602924
hospital_id_112.0,-0.32399063438984377,hospital_id,0.32399063438984377
d1_heartrate_max,0.3086102840725951,d1_heartrate_max,0.3086102840725951
ventilated_apache,0.3043859171596767,ventilated_apache,0.3043859171596767
hospital_id_21.0,0.30029280952777104,hospital_id,0.30029280952777104
apache_3j_diagnosis_703.03,-0.2967994880237703,apache_3j_diagnosis,0.2967994880237703
apache_2_diagnosis_122.0,-0.291624483127365,apache_2_diagnosis,0.291624483127365
hospital_id_176.0,0.28561256056980644,hospital_id,0.28561256056980644
apache_2_bodysystem_Undefined diagnoses,-0.2761122248954297,apache_2_bodysystem,0.2761122248954297
apache_3j_diagnosis_502.01,-0.27264370733729104,apache_3j_diagnosis,0.27264370733729104
hospital_id_26.0,0.27221974347640343,hospital_id,0.27221974347640343
apache_2_diagnosis_118.0,-0.2722073239320965,apache_2_diagnosis,0.2722073239320965
apache_2_diagnosis_203.0,-0.26805371771979364,apache_2_diagnosis,0.26805371771979364
apache_2_diagnosis_308.0,-0.26554887988946435,apache_2_diagnosis,0.26554887988946435
icu_type_CSICU,-0.265446432811998,icu_type,0.265446432811998
icu_id_236.0,0.2651455943432527,icu_id,0.2651455943432527
hospital_id_174.0,0.25790960872793767,hospital_id,0.25790960872793767
d1_lactate_min,0.25747670910908715,d1_lactate_min,0.25747670910908715
d1_hemaglobin_min,-0.25274896739958663,d1_hemaglobin_min,0.25274896739958663
icu_id_376.0,-0.25267888090647384,icu_id,0.25267888090647384
d1_hematocrit_min,0.2522498200143151,d1_hematocrit_min,0.2522498200143151
hospital_id_55.0,-0.2500313045123384,hospital_id,0.2500313045123384
icu_stay_type_admit,-0.24389540707377563,icu_stay_type,0.24389540707377563
apache_2_diagnosis_107.0,0.2412011041137925,apache_2_diagnosis,0.2412011041137925
apache_3j_diagnosis_202.01,0.2412011041137925,apache_3j_diagnosis,0.2412011041137925
elective_surgery,-0.2410817394706446,elective_surgery,0.2410817394706446
hospital_admit_source_Acute Care/Floor,-0.24102703340863457,hospital_admit_source,0.24102703340863457
gender_M,-0.23966893847335213,gender,0.23966893847335213
icu_id_513.0,0.2374735711984006,icu_id,0.2374735711984006
d1_wbc_min,0.2358920243764761,d1_wbc_min,0.2358920243764761
apache_2_diagnosis_119.0,0.2340274726880404,apache_2_diagnosis,0.2340274726880404
apache_2_diagnosis_302.0,-0.23231292025910924,apache_2_diagnosis,0.23231292025910924
apache_3j_diagnosis_1501.01,0.2278284075845331,apache_3j_diagnosis,0.2278284075845331
hospital_id_196.0,0.22545664676270752,hospital_id,0.22545664676270752
gcs_motor_apache,-0.22504554879131455,gcs_motor_apache,0.22504554879131455
apache_3j_bodysystem_Cardiovascular,-0.22366755651912862,apache_3j_bodysystem,0.22366755651912862
hospital_id_133.0,0.2221386238172108,hospital_id,0.2221386238172108
icu_admit_source_Accident & Emergency,-0.2218452327383961,icu_admit_source,0.2218452327383961
apache_2_diagnosis_219.0,-0.2206688888757277,apache_2_diagnosis,0.2206688888757277
d1_creatinine_max,-0.21976301595620884,d1_creatinine_max,0.21976301595620884
d1_hemaglobin_max,-0.2180016666424305,d1_hemaglobin_max,0.2180016666424305
d1_platelets_min,-0.216993764984497,d1_platelets_min,0.216993764984497
icu_id_504.0,0.21289865299323643,icu_id,0.21289865299323643
hospital_id_204.0,0.21090767895233542,hospital_id,0.21090767895233542
apache_2_diagnosis_214.0,0.20578016970373267,apache_2_diagnosis,0.20578016970373267
apache_3j_diagnosis_208.01,-0.20504102601857851,apache_3j_diagnosis,0.20504102601857851
d1_spo2_min,-0.2020812213215368,d1_spo2_min,0.2020812213215368
icu_id_384.0,-0.20205860261042882,icu_id,0.20205860261042882
hospital_id_70.0,-0.20167367659440205,hospital_id,0.20167367659440205
hospital_id_47.0,0.20012003111354695,hospital_id,0.20012003111354695
apache_2_diagnosis_113.0,-0.19938949198970538,apache_2_diagnosis,0.19938949198970538
hospital_id_30.0,-0.19511850279915458,hospital_id,0.19511850279915458
hospital_admit_source_Operating Room,-0.1937414658074338,hospital_admit_source,0.1937414658074338
apache_3j_diagnosis_209.01,-0.19341897757193297,apache_3j_diagnosis,0.19341897757193297
apache_2_diagnosis_101.0,-0.19341897757193297,apache_2_diagnosis,0.19341897757193297
hospital_id_2.0,-0.19280934327068322,hospital_id,0.19280934327068322
icu_id_876.0,-0.19280934327068322,icu_id,0.19280934327068322
apache_2_diagnosis_106.0,0.19066611069524456,apache_2_diagnosis,0.19066611069524456
icu_id_227.0,0.19018246533139843,icu_id,0.19018246533139843
hospital_id_155.0,0.19018246533139843,hospital_id,0.19018246533139843
hospital_id_77.0,-0.1898121617309778,hospital_id,0.1898121617309778
apache_3j_diagnosis_212.02,0.18904030831116067,apache_3j_diagnosis,0.18904030831116067
hospital_id_60.0,-0.18701584805900354,hospital_id,0.18701584805900354
icu_id_538.0,-0.18701584805900354,icu_id,0.18701584805900354
hospital_id_100.0,0.18608684032393885,hospital_id,0.18608684032393885
icu_id_290.0,0.18460673901764207,icu_id,0.18460673901764207
icu_id_103.0,-0.18379161458712656,icu_id,0.18379161458712656
hospital_id_149.0,-0.18379161458712656,hospital_id,0.18379161458712656
apache_2_diagnosis_123.0,-0.18329333959838412,apache_2_diagnosis,0.18329333959838412
apache_3j_diagnosis_702.01,-0.18329333959838412,apache_3j_diagnosis,0.18329333959838412
icu_id_495.0,0.1832001812069457,icu_id,0.1832001812069457
icu_stay_type_transfer,-0.18285579133564805,icu_stay_type,0.18285579133564805
icu_stay_type_readmit,-0.18206798684273034,icu_stay_type,0.18206798684273034
apache_3j_diagnosis_306.01,-0.18136329332026918,apache_3j_diagnosis,0.18136329332026918
apache_2_diagnosis_208.0,0.18070833712948609,apache_2_diagnosis,0.18070833712948609
hospital_id_199.0,-0.1798465417438538,hospital_id,0.1798465417438538
apache_2_diagnosis_102.0,-0.17930091252147137,apache_2_diagnosis,0.17930091252147137
apache_3j_diagnosis_206.01,-0.17930091252147137,apache_3j_diagnosis,0.17930091252147137
hospital_id_14.0,0.17914793546681154,hospital_id,0.17914793546681154
icu_id_489.0,0.17914793546681154,icu_id,0.17914793546681154
apache_2_diagnosis_117.0,-0.17861172311276086,apache_2_diagnosis,0.17861172311276086
apache_3j_diagnosis_106.01,-0.17861172311276086,apache_3j_diagnosis,0.17861172311276086
icu_admit_source_Other Hospital,0.17835192529286836,icu_admit_source,0.17835192529286836
hospital_id_43.0,-0.1776106262795079,hospital_id,0.1776106262795079
icu_id_642.0,-0.1776106262795079,icu_id,0.1776106262795079
icu_id_772.0,0.17663007902353886,icu_id,0.17663007902353886
missingindicator_age,0.17579492776029593,age,0.17579492776029593
icu_id_430.0,0.1725704553420516,icu_id,0.1725704553420516
icu_id_491.0,-0.17182353361099298,icu_id,0.17182353361099298
apache_3j_bodysystem_Musculoskeletal/Skin,0.170782395131162,apache_3j_bodysystem,0.170782395131162
icu_id_256.0,0.17000292237216866,icu_id,0.17000292237216866
icu_id_490.0,0.16818950117692755,icu_id,0.16818950117692755
icu_id_434.0,-0.1663210419329884,icu_id,0.1663210419329884
apache_3j_diagnosis_103.01,0.16332356985067997,apache_3j_diagnosis,0.16332356985067997
apache_2_diagnosis_116.0,0.16332356985067997,apache_2_diagnosis,0.16332356985067997
icu_id_829.0,0.16281361509395847,icu_id,0.16281361509395847
hospital_id_101.0,0.16109338950828467,hospital_id,0.16109338950828467
icu_id_613.0,0.16109338950828467,icu_id,0.16109338950828467
hospital_id_32.0,-0.15992756948026327,hospital_id,0.15992756948026327
icu_id_369.0,-0.15992756948026327,icu_id,0.15992756948026327
icu_type_Med-Surg ICU,-0.1595197284514629,icu_type,0.1595197284514629
apache_3j_diagnosis_305.02,-0.15911354003048692,apache_3j_diagnosis,0.15911354003048692
apache_2_diagnosis_115.0,0.1542497505888928,apache_2_diagnosis,0.1542497505888928
icu_id_451.0,-0.15420807225624752,icu_id,0.15420807225624752
icu_id_432.0,0.15397032495791957,icu_id,0.15397032495791957
icu_id_840.0,-0.15396753301037044,icu_id,0.15396753301037044
apache_3j_diagnosis_1404.01,0.152794216086805,apache_3j_diagnosis,0.152794216086805
icu_id_362.0,-0.15272531225087607,icu_id,0.15272531225087607
hospital_id_17.0,-0.15272531225087607,hospital_id,0.15272531225087607
apache_3j_diagnosis_211.03,0.152465472731453,apache_3j_diagnosis,0.152465472731453
apache_3j_diagnosis_1502.02,0.15091693464677594,apache_3j_diagnosis,0.15091693464677594
hospital_id_13.0,-0.15061175951541653,hospital_id,0.15061175951541653
icu_id_550.0,0.14988195606527308,icu_id,0.14988195606527308
hospital_id_138.0,0.1487273952511685,hospital_id,0.1487273952511685
icu_id_775.0,0.14864154815530323,icu_id,0.14864154815530323
d1_mbp_min,-0.14788897511569593,d1_mbp_min,0.14788897511569593
gcs_eyes_apache,-0.14624772020548724,gcs_eyes_apache,0.14624772020548724
d1_sodium_min,-0.14571909520805637,d1_sodium_min,0.14571909520805637
apache_2_bodysystem_Renal/Genitourinary,-0.14527724584983892,apache_2_bodysystem,0.14527724584983892
icu_id_85.0,-0.1447469934818066,icu_id,0.1447469934818066
d1_platelets_max,0.14452516504345667,d1_platelets_max,0.14452516504345667
apache_2_diagnosis_305.0,-0.14381654052214823,apache_2_diagnosis,0.14381654052214823
apache_3j_diagnosis_211.1,0.14294353595523784,apache_3j_diagnosis,0.14294353595523784
creatinine_apache,0.1428290050766143,creatinine_apache,0.1428290050766143
icu_id_708.0,-0.14223681468422808,icu_id,0.14223681468422808
h1_mbp_noninvasive_min,-0.14179487976015773,h1_mbp_noninvasive_min,0.14179487976015773
apache_3j_diagnosis_311.01,-0.1395885277064537,apache_3j_diagnosis,0.1395885277064537
icu_id_623.0,0.13828845539205864,icu_id,0.13828845539205864
apache_3j_diagnosis_105.01,0.13824113239208696,apache_3j_diagnosis,0.13824113239208696
icu_id_505.0,0.13803149988685,icu_id,0.13803149988685
hospital_id_71.0,0.13803149988685,hospital_id,0.13803149988685
apache_2_bodysystem_Cardiovascular,0.13753595498021512,apache_2_bodysystem,0.13753595498021512
apache_3j_diagnosis_101.01,0.13723064113602135,apache_3j_diagnosis,0.13723064113602135
icu_id_285.0,0.13651350763778392,icu_id,0.13651350763778392
icu_id_512.0,-0.13648794321398539,icu_id,0.13648794321398539
icu_id_822.0,-0.1359081548678683,icu_id,0.1359081548678683
apache_3j_diagnosis_1405.03,0.1344790864041699,apache_3j_diagnosis,0.1344790864041699
apache_3j_diagnosis_109.06,0.1342240717563692,apache_3j_diagnosis,0.1342240717563692
ethnicity_missing,-0.13405137731009284,ethnicity,0.13405137731009284
bun_apache,-0.13397027647124307,bun_apache,0.13397027647124307
icu_id_678.0,0.13323710838191605,icu_id,0.13323710838191605
hospital_id_147.0,-0.13304226589416246,hospital_id,0.13304226589416246
apache_2_diagnosis_207.0,-0.1326433146217728,apache_2_diagnosis,0.1326433146217728
hospital_admit_source_missing,-0.13197341511945945,hospital_admit_source,0.13197341511945945
apache_3j_bodysystem_missing,-0.13186471400169442,apache_3j_bodysystem,0.13186471400169442
apache_2_bodysystem_missing,-0.13186471400169442,apache_2_bodysystem,0.13186471400169442
icu_type_CTICU,-0.13147677316114942,icu_type,0.13147677316114942
d1_temp_min,-0.13099658952142582,d1_temp_min,0.13099658952142582
hospital_admit_source_Recovery Room,-0.13040435362542518,hospital_admit_source,0.13040435362542518
h1_heartrate_max,-0.12881738186852748,h1_heartrate_max,0.12881738186852748
apache_3j_diagnosis_109.01,-0.1287096303747074,apache_3j_diagnosis,0.1287096303747074
hospital_id_145.0,0.12727439208032745,hospital_id,0.12727439208032745
icu_id_632.0,0.12727439208032745,icu_id,0.12727439208032745
hospital_id_157.0,0.1270888541054221,hospital_id,0.1270888541054221
apache_3j_diagnosis_501.05,0.12633097209443295,apache_3j_diagnosis,0.12633097209443295
apache_2_diagnosis_213.0,0.12529511595337553,apache_2_diagnosis,0.12529511595337553
icu_id_921.0,-0.12431751687400003,icu_id,0.12431751687400003
icu_id_98.0,-0.12397424970321137,icu_id,0.12397424970321137
hospital_id_46.0,-0.12397424970321137,hospital_id,0.12397424970321137
apache_3j_bodysystem_Neurological,0.12372385360676892,apache_3j_bodysystem,0.12372385360676892
apache_2_bodysystem_Neurologic,0.12372385360676892,apache_2_bodysystem,0.12372385360676892
pre_icu_los_days,0.12176738205278514,pre_icu_los_days,0.12176738205278514
apache_3j_diagnosis_501.02,0.12133494747969334,apache_3j_diagnosis,0.12133494747969334
hospital_id_18.0,0.12116419214297316,hospital_id,0.12116419214297316
icu_id_832.0,0.12022177586430557,icu_id,0.12022177586430557
apache_3j_diagnosis_111.01,-0.11808839641718581,apache_3j_diagnosis,0.11808839641718581
icu_id_113.0,-0.11783772637442154,icu_id,0.11783772637442154
hospital_admit_source_Direct Admit,0.11721076639052805,hospital_admit_source,0.11721076639052805
icu_id_549.0,0.11629939970946404,icu_id,0.11629939970946404
apache_3j_diagnosis_1504.03,-0.1162881832006992,apache_3j_diagnosis,0.1162881832006992
apache_3j_diagnosis_109.1,0.11617394358921364,apache_3j_diagnosis,0.11617394358921364
icu_id_267.0,0.11431251146197262,icu_id,0.11431251146197262
hospital_id_98.0,0.11431251146197262,hospital_id,0.11431251146197262
apache_3j_diagnosis_501.04,0.11429699281817979,apache_3j_diagnosis,0.11429699281817979
apache_3j_diagnosis_109.04,-0.11309585927533614,apache_3j_diagnosis,0.11309585927533614
icu_id_91.0,-0.11286421341719742,icu_id,0.11286421341719742
hospital_id_33.0,-0.11286421341719742,hospital_id,0.11286421341719742
hospital_id_24.0,-0.11283106653673058,hospital_id,0.11283106653673058
icu_id_664.0,0.11280155575639274,icu_id,0.11280155575639274
weight,-0.1126592989718678,weight,0.1126592989718678
apache_3j_diagnosis_1410.01,0.11240547079070874,apache_3j_diagnosis,0.11240547079070874
hospital_id_109.0,0.11204626499131423,hospital_id,0.11204626499131423
icu_id_471.0,-0.11112258364214767,icu_id,0.11112258364214767
ethnicity_African American,-0.11089254515534196,ethnicity,0.11089254515534196
hospital_id_118.0,-0.1100323462334829,hospital_id,0.1100323462334829
d1_arterial_pco2_max,0.10990594895405291,d1_arterial_pco2_max,0.10990594895405291
h1_arterial_po2_max,-0.1096460276985053,h1_arterial_po2_max,0.1096460276985053
solid_tumor_with_metastasis,0.10928501201258198,solid_tumor_with_metastasis,0.10928501201258198
apache_3j_bodysystem_Genitourinary,-0.10893824119676591,apache_3j_bodysystem,0.10893824119676591
icu_id_347.0,-0.10873037224491995,icu_id,0.10873037224491995
apache_2_diagnosis_104.0,-0.10830979650500239,apache_2_diagnosis,0.10830979650500239
apache_3j_diagnosis_201.01,-0.10830979650500239,apache_3j_diagnosis,0.10830979650500239
h1_arterial_po2_min,0.10733061363018745,h1_arterial_po2_min,0.10733061363018745
apache_3j_diagnosis_1204.02,0.10722057454694175,apache_3j_diagnosis,0.10722057454694175
missingindicator_d1_creatinine_max,0.1071112909253224,d1_creatinine_max,0.1071112909253224
missingindicator_d1_creatinine_min,0.1071112909253224,d1_creatinine_min,0.1071112909253224
apache_3j_diagnosis_704.01,0.10675965637784786,apache_3j_diagnosis,0.10675965637784786
ethnicity_Asian,-0.1066048779381616,ethnicity,0.1066048779381616
d1_mbp_noninvasive_max,0.10626774417995395,d1_mbp_noninvasive_max,0.10626774417995395
icu_id_622.0,0.10617861278705491,icu_id,0.10617861278705491
missingindicator_d1_sodium_max,-0.1061175735053346,d1_sodium_max,0.1061175735053346
missingindicator_d1_sodium_min,-0.1061175735053346,d1_sodium_min,0.1061175735053346
apache_3j_diagnosis_1204.01,-0.10550416102398474,apache_3j_diagnosis,0.10550416102398474
apache_3j_diagnosis_308.01,-0.10522053251786757,apache_3j_diagnosis,0.10522053251786757
icu_id_337.0,-0.1042505388580222,icu_id,0.1042505388580222
icu_id_647.0,-0.10387518313710967,icu_id,0.10387518313710967
hospital_id_192.0,-0.10387518313710967,hospital_id,0.10387518313710967
apache_3j_diagnosis_802.01,-0.10373205793202596,apache_3j_diagnosis,0.10373205793202596
apache_3j_diagnosis_601.01,0.10318810977304654,apache_3j_diagnosis,0.10318810977304654
icu_id_831.0,0.1025965667866393,icu_id,0.1025965667866393
icu_id_543.0,-0.10089108650261568,icu_id,0.10089108650261568
fio2_apache,0.10057345261413617,fio2_apache,0.10057345261413617
icu_id_523.0,-0.09927516679077872,icu_id,0.09927516679077872
d1_wbc_max,-0.09921491970052526,d1_wbc_max,0.09921491970052526
hospital_id_189.0,-0.09892210654784486,hospital_id,0.09892210654784486
apache_2_diagnosis_209.0,0.09796167124848647,apache_2_diagnosis,0.09796167124848647
icu_id_402.0,0.09790856063724113,icu_id,0.09790856063724113
hospital_id_8.0,-0.09754973022756411,hospital_id,0.09754973022756411
icu_id_597.0,-0.09754973022756411,icu_id,0.09754973022756411
icu_id_377.0,-0.09750001464796103,icu_id,0.09750001464796103
h1_mbp_noninvasive_max,-0.09683174416927663,h1_mbp_noninvasive_max,0.09683174416927663
icu_id_374.0,-0.09661660259335204,icu_id,0.09661660259335204
hospital_id_136.0,-0.09661660259335204,hospital_id,0.09661660259335204
h1_calcium_max,-0.09588620301393552,h1_calcium_max,0.09588620301393552
apache_2_diagnosis_304.0,0.09571138432144763,apache_2_diagnosis,0.09571138432144763
urineoutput_apache,-0.09514670875120079,urineoutput_apache,0.09514670875120079
d1_albumin_min,-0.0948968839670028,d1_albumin_min,0.0948968839670028
icu_id_809.0,-0.09467888688681472,icu_id,0.09467888688681472
icu_id_251.0,0.09463975456928055,icu_id,0.09463975456928055
h1_sysbp_noninvasive_min,0.09437493657468107,h1_sysbp_noninvasive_min,0.09437493657468107
icu_id_324.0,-0.09386705222450739,icu_id,0.09386705222450739
hospital_admit_source_PACU,-0.09358395539303588,hospital_admit_source,0.09358395539303588
h1_calcium_min,0.09356561871922242,h1_calcium_min,0.09356561871922242
resprate_apache,0.09266906052074918,resprate_apache,0.09266906052074918
ethnicity_Native American,-0.09259748073886719,ethnicity,0.09259748073886719
hospital_id_161.0,-0.09242701486061364,hospital_id,0.09242701486061364
d1_sysbp_noninvasive_max,-0.09229385126894067,d1_sysbp_noninvasive_max,0.09229385126894067
apache_3j_diagnosis_1302.02,0.09182933369330451,apache_3j_diagnosis,0.09182933369330451
d1_hematocrit_max,0.09146892510541457,d1_hematocrit_max,0.09146892510541457
icu_id_683.0,0.09125704666364408,icu_id,0.09125704666364408
hospital_id_64.0,0.09125704666364408,hospital_id,0.09125704666364408
icu_id_855.0,-0.09072702138880752,icu_id,0.09072702138880752
icu_id_464.0,0.09009008843886293,icu_id,0.09009008843886293
hospital_id_99.0,0.0889234640593387,hospital_id,0.0889234640593387
icu_id_514.0,0.0889234640593387,icu_id,0.0889234640593387
icu_id_619.0,-0.08859793441941229,icu_id,0.08859793441941229
missingindicator_map_apache,0.08859698892386525,map_apache,0.08859698892386525
apache_3j_diagnosis_901.01,0.08851061342578026,apache_3j_diagnosis,0.08851061342578026
h1_sysbp_min,-0.08825785907119464,h1_sysbp_min,0.08825785907119464
apache_3j_diagnosis_1406.01,-0.08820779157374241,apache_3j_diagnosis,0.08820779157374241
apache_3j_diagnosis_107.01,0.08771576553435623,apache_3j_diagnosis,0.08771576553435623
apache_2_diagnosis_112.0,0.08771576553435623,apache_2_diagnosis,0.08771576553435623
apache_3j_diagnosis_0.25,-0.08768311435001444,apache_3j_diagnosis,0.08768311435001444
icu_id_481.0,-0.08733192197561193,icu_id,0.08733192197561193
apache_3j_diagnosis_104.01,0.08668311317320375,apache_3j_diagnosis,0.08668311317320375
icu_id_927.0,-0.08591044166733534,icu_id,0.08591044166733534
ethnicity_Caucasian,-0.08580863631734001,ethnicity,0.08580863631734001
missingindicator_urineoutput_apache,0.08541888245834972,urineoutput_apache,0.08541888245834972
d1_diasbp_min,-0.08531414442242084,d1_diasbp_min,0.08531414442242084
h1_arterial_ph_min,0.0847457121588487,h1_arterial_ph_min,0.0847457121588487
apache_3j_diagnosis_901.03,-0.08439083898188217,apache_3j_diagnosis,0.08439083898188217
apache_3j_diagnosis_409.02,-0.08417601910873433,apache_3j_diagnosis,0.08417601910873433
missingindicator_d1_hematocrit_min,0.08415886067862069,d1_hematocrit_min,0.08415886067862069
missingindicator_d1_hematocrit_max,0.08415886067862069,d1_hematocrit_max,0.08415886067862069
missingindicator_d1_sysbp_max,0.08328066629332294,d1_sysbp_max,0.08328066629332294
missingindicator_d1_sysbp_min,0.08328066629332294,d1_sysbp_min,0.08328066629332294
apache_3j_diagnosis_1602.12,-0.08281474334455813,apache_3j_diagnosis,0.08281474334455813
apache_3j_diagnosis_501.01,-0.0826204959926829,apache_3j_diagnosis,0.0826204959926829
missingindicator_d1_arterial_po2_max,-0.08218508283352444,d1_arterial_po2_max,0.08218508283352444
missingindicator_d1_arterial_po2_min,-0.08218508283352444,d1_arterial_po2_min,0.08218508283352444
d1_spo2_max,-0.08199692902095232,d1_spo2_max,0.08199692902095232
arf_apache,0.08151506988618906,arf_apache,0.08151506988618906
apache_3j_diagnosis_801.04,0.08051975786543554,apache_3j_diagnosis,0.08051975786543554
hospital_id_179.0,0.07992380028904435,hospital_id,0.07992380028904435
icu_id_321.0,0.07992380028904435,icu_id,0.07992380028904435
apache_3j_diagnosis_301.01,0.07980116448604366,apache_3j_diagnosis,0.07980116448604366
d1_sysbp_min,-0.07959360038474418,d1_sysbp_min,0.07959360038474418
icu_id_888.0,0.07958702048266568,icu_id,0.07958702048266568
hospital_id_49.0,0.07958702048266568,hospital_id,0.07958702048266568
icu_id_687.0,0.07947292324363865,icu_id,0.07947292324363865
apache_3j_diagnosis_1408.08,0.07915002661603006,apache_3j_diagnosis,0.07915002661603006
apache_3j_diagnosis_402.01,0.07891584572792616,apache_3j_diagnosis,0.07891584572792616
h1_arterial_ph_max,-0.07886477695788446,h1_arterial_ph_max,0.07886477695788446
icu_id_427.0,-0.07839421746996929,icu_id,0.07839421746996929
hospital_id_202.0,-0.07839421746996929,hospital_id,0.07839421746996929
d1_hco3_max,-0.07826824368839211,d1_hco3_max,0.07826824368839211
icu_id_609.0,-0.07817838916088364,icu_id,0.07817838916088364
d1_glucose_min,0.07757343533402145,d1_glucose_min,0.07757343533402145
gcs_verbal_apache,-0.07738468137710118,gcs_verbal_apache,0.07738468137710118
apache_3j_diagnosis_402.02,0.07732473083039353,apache_3j_diagnosis,0.07732473083039353
missingindicator_bmi,0.07702658453227744,bmi,0.07702658453227744
hospital_id_63.0,-0.07627905255926165,hospital_id,0.07627905255926165
icu_id_108.0,-0.07627905255926165,icu_id,0.07627905255926165
hospital_id_31.0,-0.07623188776398099,hospital_id,0.07623188776398099
icu_id_83.0,-0.07623188776398099,icu_id,0.07623188776398099
intubated_apache,-0.07594489637881166,intubated_apache,0.07594489637881166
apache_2_diagnosis_307.0,0.0759172121074876,apache_2_diagnosis,0.0759172121074876
icu_id_634.0,-0.0759102355748525,icu_id,0.0759102355748525
apache_3j_diagnosis_303.01,-0.07548072070076262,apache_3j_diagnosis,0.07548072070076262
glucose_apache,-0.07487842822160458,glucose_apache,0.07487842822160458
apache_3j_diagnosis_109.09,0.07485652982110826,apache_3j_diagnosis,0.07485652982110826
hospital_id_81.0,-0.07450681794049539,hospital_id,0.07450681794049539
icu_id_90.0,-0.07450681794049539,icu_id,0.07450681794049539
apache_2_diagnosis_301.0,-0.07414911035339976,apache_2_diagnosis,0.07414911035339976
apache_3j_diagnosis_212.01,0.07395593701781174,apache_3j_diagnosis,0.07395593701781174
d1_bilirubin_min,0.07359297171735349,d1_bilirubin_min,0.07359297171735349
icu_id_408.0,0.07335680389835607,icu_id,0.07335680389835607
icu_id_428.0,0.07312655473179981,icu_id,0.07312655473179981
hospital_id_27.0,0.07270033057929996,hospital_id,0.07270033057929996
icu_id_608.0,0.07270033057929996,icu_id,0.07270033057929996
d1_arterial_pco2_min,-0.0725627881917628,d1_arterial_pco2_min,0.0725627881917628
apache_3j_diagnosis_1212.03,0.07232012297151678,apache_3j_diagnosis,0.07232012297151678
icu_id_646.0,-0.07221602866821965,icu_id,0.07221602866821965
icu_id_556.0,0.0716145152551625,icu_id,0.0716145152551625
h1_resprate_min,0.07143852704788971,h1_resprate_min,0.07143852704788971
icu_id_92.0,-0.0713906865868379,icu_id,0.0713906865868379
apache_3j_diagnosis_1902.02,0.07131199384625425,apache_3j_diagnosis,0.07131199384625425
icu_id_498.0,0.07056604205685633,icu_id,0.07056604205685633
hospital_id_186.0,0.07056604205685633,hospital_id,0.07056604205685633
d1_diasbp_max,-0.07046690717117392,d1_diasbp_max,0.07046690717117392
icu_id_413.0,-0.07029285009658164,icu_id,0.07029285009658164
icu_type_SICU,-0.07018084365062366,icu_type,0.07018084365062366
h1_diasbp_noninvasive_max,0.07009588757679495,h1_diasbp_noninvasive_max,0.07009588757679495
icu_id_480.0,-0.06992642730967971,icu_id,0.06992642730967971
hospital_id_51.0,0.06986118104777057,hospital_id,0.06986118104777057
icu_id_698.0,0.06986118104777057,icu_id,0.06986118104777057
icu_id_878.0,-0.06981659842073495,icu_id,0.06981659842073495
hospital_id_15.0,-0.06981659842073495,hospital_id,0.06981659842073495
apache_3j_diagnosis_312.05,0.06954027487636219,apache_3j_diagnosis,0.06954027487636219
icu_id_317.0,-0.06946002571461049,icu_id,0.06946002571461049
icu_id_312.0,0.06926434540167961,icu_id,0.06926434540167961
apache_2_diagnosis_303.0,0.06917337624731842,apache_2_diagnosis,0.06917337624731842
icu_id_705.0,-0.06896586817677874,icu_id,0.06896586817677874
hospital_id_135.0,-0.06896586817677874,hospital_id,0.06896586817677874
icu_id_87.0,-0.06866416675087196,icu_id,0.06866416675087196
pao2_apache,-0.06833107057387992,pao2_apache,0.06833107057387992
icu_id_607.0,0.06812372685600154,icu_id,0.06812372685600154
d1_bun_max,0.06748922341966469,d1_bun_max,0.06748922341966469
icu_id_657.0,0.06745539444236812,icu_id,0.06745539444236812
icu_id_388.0,-0.0670182351129536,icu_id,0.0670182351129536
hospital_id_44.0,-0.0670182351129536,hospital_id,0.0670182351129536
h1_potassium_min,0.0666841058417946,h1_potassium_min,0.0666841058417946
icu_id_195.0,-0.06663827322108364,icu_id,0.06663827322108364
hospital_id_85.0,-0.06663827322108364,hospital_id,0.06663827322108364
icu_id_391.0,-0.06660802473959883,icu_id,0.06660802473959883
apache_3j_diagnosis_1904.01,0.06635359672647143,apache_3j_diagnosis,0.06635359672647143
icu_id_559.0,0.06615752197637588,icu_id,0.06615752197637588
h1_pao2fio2ratio_max,0.06588529169887498,h1_pao2fio2ratio_max,0.06588529169887498
apache_3j_diagnosis_1413.01,0.06586802483215366,apache_3j_diagnosis,0.06586802483215366
apache_2_bodysystem_Haematologic,0.0657707217938831,apache_2_bodysystem,0.0657707217938831
apache_2_diagnosis_306.0,0.0657707217938831,apache_2_diagnosis,0.0657707217938831
apache_3j_bodysystem_Hematological,0.0657707217938831,apache_3j_bodysystem,0.0657707217938831
icu_id_468.0,-0.0654137290394217,icu_id,0.0654137290394217
apache_3j_diagnosis_602.09,-0.06535698954628984,apache_3j_diagnosis,0.06535698954628984
missingindicator_h1_diasbp_min,0.06524302695924614,h1_diasbp_min,0.06524302695924614
missingindicator_h1_diasbp_max,0.06524302695924614,h1_diasbp_max,0.06524302695924614
h1_potassium_max,-0.06509982802325438,h1_potassium_max,0.06509982802325438
icu_id_830.0,-0.06503293813949301,icu_id,0.06503293813949301
hospital_id_197.0,-0.06503293813949301,hospital_id,0.06503293813949301
apache_3j_diagnosis_1601.01,0.06492896143011032,apache_3j_diagnosis,0.06492896143011032
hospital_id_187.0,-0.06482998143208839,hospital_id,0.06482998143208839
icu_id_626.0,-0.06482998143208839,icu_id,0.06482998143208839
h1_hco3_max,0.06479530849515788,h1_hco3_max,0.06479530849515788
apache_3j_bodysystem_Sepsis,-0.06421886346619955,apache_3j_bodysystem,0.06421886346619955
apache_3j_diagnosis_309.01,0.06388153428436594,apache_3j_diagnosis,0.06388153428436594
icu_id_636.0,0.06384024609617246,icu_id,0.06384024609617246
d1_resprate_min,0.06381174850957595,d1_resprate_min,0.06381174850957595
h1_spo2_min,0.06363203187349073,h1_spo2_min,0.06363203187349073
apache_3j_diagnosis_211.12,0.06318045796048145,apache_3j_diagnosis,0.06318045796048145
icu_id_273.0,-0.06292230242896034,icu_id,0.06292230242896034
icu_id_925.0,-0.06210923271964093,icu_id,0.06210923271964093
hospital_id_121.0,-0.06210923271964093,hospital_id,0.06210923271964093
apache_post_operative,0.061959832323106284,apache_post_operative,0.061959832323106284
hospital_id_158.0,-0.06181767185797722,hospital_id,0.06181767185797722
icu_id_836.0,-0.06181767185797722,icu_id,0.06181767185797722
apache_3j_diagnosis_213.01,-0.06172152524730531,apache_3j_diagnosis,0.06172152524730531
icu_id_653.0,-0.06167626971994972,icu_id,0.06167626971994972
hospital_id_62.0,-0.06163851640010742,hospital_id,0.06163851640010742
apache_3j_diagnosis_801.02,0.06149742716599013,apache_3j_diagnosis,0.06149742716599013
icu_id_474.0,0.061464337152805734,icu_id,0.061464337152805734
missingindicator_d1_sysbp_invasive_max,-0.061402622757364106,d1_sysbp_invasive_max,0.061402622757364106
missingindicator_d1_sysbp_invasive_min,-0.061402622757364106,d1_sysbp_invasive_min,0.061402622757364106
apache_3j_diagnosis_110.01,-0.06133001468486721,apache_3j_diagnosis,0.06133001468486721
hospital_id_128.0,-0.060967031909106205,hospital_id,0.060967031909106205
apache_3j_diagnosis_313.01,-0.06060968564889777,apache_3j_diagnosis,0.06060968564889777
hospital_id_5.0,0.060408420840824414,hospital_id,0.060408420840824414
icu_id_261.0,0.060408420840824414,icu_id,0.060408420840824414
icu_id_109.0,-0.06030486510084747,icu_id,0.06030486510084747
hospital_id_151.0,-0.06030486510084747,hospital_id,0.06030486510084747
icu_id_394.0,-0.06027183145276565,icu_id,0.06027183145276565
missingindicator_d1_hemaglobin_max,-0.05994040235603731,d1_hemaglobin_max,0.05994040235603731
missingindicator_d1_hemaglobin_min,-0.05994040235603731,d1_hemaglobin_min,0.05994040235603731
apache_3j_diagnosis_901.04,-0.0591717676460341,apache_3j_diagnosis,0.0591717676460341
missingindicator_d1_potassium_min,0.0589847728236943,d1_potassium_min,0.0589847728236943
missingindicator_d1_potassium_max,0.0589847728236943,d1_potassium_max,0.0589847728236943
apache_3j_diagnosis_1211.01,0.058890579205472394,apache_3j_diagnosis,0.058890579205472394
missingindicator_resprate_apache,-0.05868168590534189,resprate_apache,0.05868168590534189
h1_mbp_min,0.058587558364677036,h1_mbp_min,0.058587558364677036
hospital_id_185.0,0.058372872899608644,hospital_id,0.058372872899608644
apache_3j_diagnosis_601.08,0.05833881722559829,apache_3j_diagnosis,0.05833881722559829
icu_id_707.0,0.057969939124026426,icu_id,0.057969939124026426
hospital_id_92.0,0.057969939124026426,hospital_id,0.057969939124026426
apache_3j_diagnosis_405.01,-0.057131744697558655,apache_3j_diagnosis,0.057131744697558655
apache_2_diagnosis_109.0,-0.05707911685249495,apache_2_diagnosis,0.05707911685249495
apache_3j_diagnosis_108.01,-0.05707911685249495,apache_3j_diagnosis,0.05707911685249495
hospital_id_54.0,-0.0569819536888415,hospital_id,0.0569819536888415
d1_lactate_max,0.05691433272948583,d1_lactate_max,0.05691433272948583
icu_id_895.0,-0.05678509564334586,icu_id,0.05678509564334586
hospital_id_35.0,-0.05678509564334586,hospital_id,0.05678509564334586
missingindicator_temp_apache,0.05650823915612389,temp_apache,0.05650823915612389
icu_id_908.0,-0.056114604000094735,icu_id,0.056114604000094735
hospital_id_195.0,-0.056114604000094735,hospital_id,0.056114604000094735
icu_id_874.0,-0.05601159062420019,icu_id,0.05601159062420019
hospital_id_142.0,-0.05601159062420019,hospital_id,0.05601159062420019
d1_glucose_max,0.0557410027547567,d1_glucose_max,0.0557410027547567
d1_mbp_noninvasive_min,0.055451104442579564,d1_mbp_noninvasive_min,0.055451104442579564
d1_mbp_max,-0.05540415146939507,d1_mbp_max,0.05540415146939507
icu_id_307.0,0.05533833610649294,icu_id,0.05533833610649294
missingindicator_h1_mbp_invasive_min,-0.05518888646683396,h1_mbp_invasive_min,0.05518888646683396
missingindicator_h1_mbp_invasive_max,-0.05518888646683396,h1_mbp_invasive_max,0.05518888646683396
h1_wbc_max,-0.05478544238383487,h1_wbc_max,0.05478544238383487
h1_sodium_min,0.05461127088401806,h1_sodium_min,0.05461127088401806
apache_3j_diagnosis_207.01,-0.05460080491384491,apache_3j_diagnosis,0.05460080491384491
apache_2_diagnosis_105.0,-0.05460080491384491,apache_2_diagnosis,0.05460080491384491
apache_3j_diagnosis_1301.02,-0.05409287981720882,apache_3j_diagnosis,0.05409287981720882
hospital_id_105.0,0.05395333860110077,hospital_id,0.05395333860110077
icu_id_259.0,0.05395333860110077,icu_id,0.05395333860110077
icu_id_483.0,0.05382516667559046,icu_id,0.05382516667559046
hospital_id_20.0,0.05382516667559046,hospital_id,0.05382516667559046
immunosuppression,0.05365846418180804,immunosuppression,0.05365846418180804
icu_id_426.0,0.05316630533681006,icu_id,0.05316630533681006
apache_3j_diagnosis_1205.01,-0.05295075334593575,apache_3j_diagnosis,0.05295075334593575
missingindicator_d1_pao2fio2ratio_min,-0.05277824363817201,d1_pao2fio2ratio_min,0.05277824363817201
missingindicator_d1_pao2fio2ratio_max,-0.05277824363817201,d1_pao2fio2ratio_max,0.05277824363817201
icu_id_286.0,-0.05259040194649034,icu_id,0.05259040194649034
hospital_id_29.0,0.05161218587795153,hospital_id,0.05161218587795153
icu_id_904.0,0.05161218587795153,icu_id,0.05161218587795153
h1_resprate_max,0.05147021123066864,h1_resprate_max,0.05147021123066864
icu_id_616.0,0.051386754738092955,icu_id,0.051386754738092955
icu_id_185.0,0.05116596586351982,icu_id,0.05116596586351982
apache_3j_diagnosis_1202.03,0.051113829477369796,apache_3j_diagnosis,0.051113829477369796
icu_id_102.0,0.050896856624330196,icu_id,0.050896856624330196
apache_3j_diagnosis_313.04,-0.050884933167672224,apache_3j_diagnosis,0.050884933167672224
hospital_id_6.0,-0.050741903703345505,hospital_id,0.050741903703345505
apache_3j_diagnosis_109.11,-0.05065789414912887,apache_3j_diagnosis,0.05065789414912887
h1_mbp_invasive_min,0.050618037467867215,h1_mbp_invasive_min,0.050618037467867215
albumin_apache,-0.05049647049961202,albumin_apache,0.05049647049961202
d1_diasbp_noninvasive_min,0.05048116585822179,d1_diasbp_noninvasive_min,0.05048116585822179
icu_id_794.0,0.0502165566445443,icu_id,0.0502165566445443
icu_id_404.0,-0.05009699250072364,icu_id,0.05009699250072364
hospital_id_171.0,-0.05009699250072364,hospital_id,0.05009699250072364
h1_pao2fio2ratio_min,-0.04996244062210625,h1_pao2fio2ratio_min,0.04996244062210625
hospital_admit_source_Emergency Department,-0.0499256959991939,hospital_admit_source,0.0499256959991939
missingindicator_h1_sysbp_noninvasive_max,-0.04987936502437359,h1_sysbp_noninvasive_max,0.04987936502437359
missingindicator_h1_sysbp_noninvasive_min,-0.04987936502437359,h1_sysbp_noninvasive_min,0.04987936502437359
apache_3j_diagnosis_1401.01,0.049676757841647816,apache_3j_diagnosis,0.049676757841647816
h1_diasbp_noninvasive_min,0.048895716967489615,h1_diasbp_noninvasive_min,0.048895716967489615
missingindicator_wbc_apache,0.04885100750675338,wbc_apache,0.04885100750675338
icu_id_425.0,-0.048811586932742346,icu_id,0.048811586932742346
hospital_id_181.0,0.04859014425940954,hospital_id,0.04859014425940954
icu_id_814.0,0.04859014425940954,icu_id,0.04859014425940954
icu_id_479.0,-0.04838163185820442,icu_id,0.04838163185820442
hospital_id_50.0,-0.04811440459133276,hospital_id,0.04811440459133276
icu_id_669.0,-0.04811440459133276,icu_id,0.04811440459133276
hospital_id_168.0,0.04810181292096306,hospital_id,0.04810181292096306
icu_id_136.0,0.04810181292096306,icu_id,0.04810181292096306
apache_3j_diagnosis_310.01,0.047747996095183966,apache_3j_diagnosis,0.047747996095183966
apache_3j_diagnosis_1408.06,-0.047736912009216134,apache_3j_diagnosis,0.047736912009216134
h1_arterial_pco2_min,-0.04771620502571914,h1_arterial_pco2_min,0.04771620502571914
missingindicator_weight,-0.04757383321359478,weight,0.04757383321359478
apache_3j_diagnosis_109.07,-0.04733556713024042,apache_3j_diagnosis,0.04733556713024042
icu_id_841.0,-0.047216847957422425,icu_id,0.047216847957422425
apache_3j_diagnosis_605.01,0.047172258643527754,apache_3j_diagnosis,0.047172258643527754
icu_id_625.0,0.047080876721065666,icu_id,0.047080876721065666
hospital_id_90.0,0.047080876721065666,hospital_id,0.047080876721065666
apache_3j_diagnosis_1102.01,0.047008345938414256,apache_3j_diagnosis,0.047008345938414256
icu_id_99.0,0.046936020897303164,icu_id,0.046936020897303164
h1_glucose_max,0.046726443694248464,h1_glucose_max,0.046726443694248464
icu_id_477.0,0.04669672547643047,icu_id,0.04669672547643047
hospital_admit_source_Floor,0.04643105953312846,hospital_admit_source,0.04643105953312846
apache_3j_diagnosis_1601.08,0.046037736050402435,apache_3j_diagnosis,0.046037736050402435
missingindicator_d1_mbp_invasive_min,0.04599609864215213,d1_mbp_invasive_min,0.04599609864215213
missingindicator_d1_mbp_invasive_max,0.04599609864215213,d1_mbp_invasive_max,0.04599609864215213
missingindicator_h1_potassium_min,0.04593825126804315,h1_potassium_min,0.04593825126804315
missingindicator_h1_potassium_max,0.04593825126804315,h1_potassium_max,0.04593825126804315
apache_3j_diagnosis_602.11,-0.045900175006566395,apache_3j_diagnosis,0.045900175006566395
d1_mbp_invasive_min,-0.04580589828913465,d1_mbp_invasive_min,0.04580589828913465
apache_3j_diagnosis_1208.01,-0.0455866121852433,apache_3j_diagnosis,0.0455866121852433
icu_id_100.0,0.04541423693259562,icu_id,0.04541423693259562
apache_3j_diagnosis_1405.02,-0.04534859407370767,apache_3j_diagnosis,0.04534859407370767
missingindicator_h1_wbc_max,0.04528234593836556,h1_wbc_max,0.04528234593836556
missingindicator_h1_wbc_min,0.04528234593836556,h1_wbc_min,0.04528234593836556
d1_potassium_max,0.045273547383725174,d1_potassium_max,0.045273547383725174
icu_id_89.0,-0.045154591711603874,icu_id,0.045154591711603874
apache_3j_diagnosis_211.09,-0.04500755867274016,apache_3j_diagnosis,0.04500755867274016
apache_3j_diagnosis_601.04,0.04476283638169492,apache_3j_diagnosis,0.04476283638169492
hospital_id_200.0,-0.044687336643758985,hospital_id,0.044687336643758985
icu_id_516.0,-0.044687336643758985,icu_id,0.044687336643758985
h1_lactate_min,-0.044322748331731034,h1_lactate_min,0.044322748331731034
icu_id_601.0,-0.04425920780935646,icu_id,0.04425920780935646
icu_id_552.0,0.04415380313484026,icu_id,0.04415380313484026
map_apache,0.04412582084634094,map_apache,0.04412582084634094
apache_3j_diagnosis_704.08,-0.04394822121852759,apache_3j_diagnosis,0.04394822121852759
diabetes_mellitus,-0.043875284447705734,diabetes_mellitus,0.043875284447705734
icu_id_95.0,0.043830308535702835,icu_id,0.043830308535702835
hospital_id_83.0,0.043830308535702835,hospital_id,0.043830308535702835
hospital_id_125.0,-0.043479982577262065,hospital_id,0.043479982577262065
icu_id_696.0,-0.043479982577262065,icu_id,0.043479982577262065
apache_3j_diagnosis_211.05,0.0434798957887167,apache_3j_diagnosis,0.0434798957887167
apache_3j_diagnosis_1304.08,-0.04344589769110616,apache_3j_diagnosis,0.04344589769110616
hospital_id_19.0,0.043022916885902616,hospital_id,0.043022916885902616
h1_temp_min,-0.042780036930432495,h1_temp_min,0.042780036930432495
d1_arterial_ph_max,-0.042769538064345906,d1_arterial_ph_max,0.042769538064345906
d1_diasbp_noninvasive_max,0.042691118848605054,d1_diasbp_noninvasive_max,0.042691118848605054
icu_id_424.0,-0.042685674063780876,icu_id,0.042685674063780876
hospital_id_117.0,-0.042685674063780876,hospital_id,0.042685674063780876
hospital_admit_source_Other Hospital,0.04260659034126953,hospital_admit_source,0.04260659034126953
ethnicity_Other/Unknown,-0.04194161535643862,ethnicity,0.04194161535643862
apache_3j_diagnosis_1902.03,0.04160082647573478,apache_3j_diagnosis,0.04160082647573478
apache_3j_diagnosis_1208.13,-0.041596939593647644,apache_3j_diagnosis,0.041596939593647644
h1_diasbp_invasive_max,-0.04158094490810108,h1_diasbp_invasive_max,0.04158094490810108
missingindicator_d1_arterial_pco2_max,-0.041413042091025934,d1_arterial_pco2_max,0.041413042091025934
missingindicator_d1_arterial_pco2_min,-0.041413042091025934,d1_arterial_pco2_min,0.041413042091025934
h1_glucose_min,-0.04137678846253649,h1_glucose_min,0.04137678846253649
apache_3j_bodysystem_Gynecological,-0.041054395629005015,apache_3j_bodysystem,0.041054395629005015
gcs_unable_apache,0.04096499229134609,gcs_unable_apache,0.04096499229134609
missingindicator_d1_hco3_max,0.04091677730102107,d1_hco3_max,0.04091677730102107
missingindicator_d1_hco3_min,0.04091677730102107,d1_hco3_min,0.04091677730102107
d1_sodium_max,0.04088021416531646,d1_sodium_max,0.04088021416531646
h1_heartrate_min,0.040838591267529686,h1_heartrate_min,0.040838591267529686
d1_potassium_min,-0.0405148970102207,d1_potassium_min,0.0405148970102207
d1_calcium_min,0.040439602666888334,d1_calcium_min,0.040439602666888334
hospital_id_40.0,-0.04027588929467638,hospital_id,0.04027588929467638
missingindicator_hematocrit_apache,-0.040083543219440805,hematocrit_apache,0.040083543219440805
missingindicator_d1_diasbp_max,-0.04003698555596926,d1_diasbp_max,0.04003698555596926
missingindicator_d1_diasbp_min,-0.04003698555596926,d1_diasbp_min,0.04003698555596926
apache_3j_diagnosis_307.01,0.03999103185383075,apache_3j_diagnosis,0.03999103185383075
missingindicator_h1_arterial_pco2_max,0.03947065202526621,h1_arterial_pco2_max,0.03947065202526621
missingindicator_h1_arterial_pco2_min,0.03947065202526621,h1_arterial_pco2_min,0.03947065202526621
d1_heartrate_min,0.0393463516518793,d1_heartrate_min,0.0393463516518793
icu_admit_source_Floor,-0.039319532613762434,icu_admit_source,0.039319532613762434
icu_id_176.0,-0.039102149295368045,icu_id,0.039102149295368045
hospital_id_57.0,-0.039102149295368045,hospital_id,0.039102149295368045
apache_3j_diagnosis_1208.03,-0.03909487618537519,apache_3j_diagnosis,0.03909487618537519
apache_3j_diagnosis_1504.04,-0.039057879171815635,apache_3j_diagnosis,0.039057879171815635
apache_3j_diagnosis_1705.03,0.03889725761056197,apache_3j_diagnosis,0.03889725761056197
icu_id_429.0,-0.038685444421952354,icu_id,0.038685444421952354
apache_3j_diagnosis_1209.02,0.038672878894362474,apache_3j_diagnosis,0.038672878894362474
apache_3j_diagnosis_1506.06,-0.038599975758173255,apache_3j_diagnosis,0.038599975758173255
cirrhosis,0.03853560809904161,cirrhosis,0.03853560809904161
icu_id_628.0,0.03847028205319962,icu_id,0.03847028205319962
apache_3j_diagnosis_312.03,0.038328432085839186,apache_3j_diagnosis,0.038328432085839186
apache_3j_diagnosis_602.07,-0.03820876512111893,apache_3j_diagnosis,0.03820876512111893
h1_temp_max,-0.0378549830995882,h1_temp_max,0.0378549830995882
ph_apache,0.037386347528312644,ph_apache,0.037386347528312644
h1_sysbp_noninvasive_max,0.03697309174991123,h1_sysbp_noninvasive_max,0.03697309174991123
apache_3j_diagnosis_404.02,-0.03686244672497292,apache_3j_diagnosis,0.03686244672497292
hospital_id_104.0,-0.03644921933854295,hospital_id,0.03644921933854295
icu_id_926.0,-0.03644921933854295,icu_id,0.03644921933854295
d1_pao2fio2ratio_min,-0.03638357429412631,d1_pao2fio2ratio_min,0.03638357429412631
icu_id_918.0,-0.03631130791963609,icu_id,0.03631130791963609
h1_sysbp_max,-0.03626772119885242,h1_sysbp_max,0.03626772119885242
apache_3j_diagnosis_1601.03,0.035922412333904905,apache_3j_diagnosis,0.035922412333904905
icu_type_Neuro ICU,0.03517835625153729,icu_type,0.03517835625153729
hospital_id_159.0,0.03511625998176504,hospital_id,0.03511625998176504
icu_id_709.0,0.03511625998176504,icu_id,0.03511625998176504
apache_3j_diagnosis_307.05,0.034672440715086586,apache_3j_diagnosis,0.034672440715086586
h1_wbc_min,0.03452668411715632,h1_wbc_min,0.03452668411715632
h1_hco3_min,-0.034491303160319495,h1_hco3_min,0.034491303160319495
apache_3j_diagnosis_1802.02,0.03432884451233374,apache_3j_diagnosis,0.03432884451233374
icu_id_889.0,-0.034298084047136024,icu_id,0.034298084047136024
apache_3j_diagnosis_601.05,0.03418111473809851,apache_3j_diagnosis,0.03418111473809851
apache_3j_diagnosis_211.08,0.03414810600368329,apache_3j_diagnosis,0.03414810600368329
d1_sysbp_noninvasive_min,-0.03402012230011519,d1_sysbp_noninvasive_min,0.03402012230011519
missingindicator_h1_platelets_max,-0.034017900013815494,h1_platelets_max,0.034017900013815494
missingindicator_h1_platelets_min,-0.034017900013815494,h1_platelets_min,0.034017900013815494
hospital_id_39.0,-0.03398458882274302,hospital_id,0.03398458882274302
apache_3j_diagnosis_1405.04,-0.03386735231646824,apache_3j_diagnosis,0.03386735231646824
hospital_admit_source_Other ICU,0.03385940185556356,hospital_admit_source,0.03385940185556356
hospital_id_166.0,0.033803980776702984,hospital_id,0.033803980776702984
apache_3j_diagnosis_1601.06,0.03375045350283322,apache_3j_diagnosis,0.03375045350283322
icu_type_MICU,-0.03333752681403418,icu_type,0.03333752681403418
icu_id_561.0,0.033223063990491936,icu_id,0.033223063990491936
h1_hemaglobin_min,0.03293983182417871,h1_hemaglobin_min,0.03293983182417871
apache_3j_diagnosis_1209.01,0.03269290171976717,apache_3j_diagnosis,0.03269290171976717
apache_3j_diagnosis_1802.01,-0.032494677130358876,apache_3j_diagnosis,0.032494677130358876
apache_3j_diagnosis_1503.02,-0.032291041564686734,apache_3j_diagnosis,0.032291041564686734
h1_diasbp_invasive_min,0.032254298445524486,h1_diasbp_invasive_min,0.032254298445524486
missingindicator_h1_creatinine_min,-0.03203678142963125,h1_creatinine_min,0.03203678142963125
missingindicator_h1_creatinine_max,-0.03203678142963125,h1_creatinine_max,0.03203678142963125
missingindicator_h1_sysbp_invasive_min,0.03201401937697747,h1_sysbp_invasive_min,0.03201401937697747
missingindicator_h1_sysbp_invasive_max,0.03201401937697747,h1_sysbp_invasive_max,0.03201401937697747
missingindicator_glucose_apache,0.03200497480367918,glucose_apache,0.03200497480367918
h1_sysbp_invasive_min,-0.031892797463815785,h1_sysbp_invasive_min,0.031892797463815785
apache_3j_diagnosis_313.03,-0.03182319355825655,apache_3j_diagnosis,0.03182319355825655
h1_sodium_max,-0.03170569791219969,h1_sodium_max,0.03170569791219969
d1_hco3_min,0.031686000404638176,d1_hco3_min,0.031686000404638176
missingindicator_heart_rate_apache,-0.03167400755277812,heart_rate_apache,0.03167400755277812
apache_3j_diagnosis_1408.13,-0.03145858938566984,apache_3j_diagnosis,0.03145858938566984
apache_3j_diagnosis_602.06,-0.0313930045782046,apache_3j_diagnosis,0.0313930045782046
apache_3j_diagnosis_802.04,0.03116768535113296,apache_3j_diagnosis,0.03116768535113296
apache_3j_diagnosis_1304.05,0.031157507224345307,apache_3j_diagnosis,0.031157507224345307
apache_3j_diagnosis_1208.16,0.031141847674041295,apache_3j_diagnosis,0.031141847674041295
apache_2_diagnosis_202.0,0.031054207992288387,apache_2_diagnosis,0.031054207992288387
apache_2_diagnosis_103.0,-0.03105013137119715,apache_2_diagnosis,0.03105013137119715
apache_3j_diagnosis_204.01,-0.03105013137119715,apache_3j_diagnosis,0.03105013137119715
apache_3j_diagnosis_109.16,0.030619819556497504,apache_3j_diagnosis,0.030619819556497504
hospital_id_137.0,0.03040342320960952,hospital_id,0.03040342320960952
icu_id_143.0,0.03040342320960952,icu_id,0.03040342320960952
apache_3j_diagnosis_109.08,-0.03034379960056536,apache_3j_diagnosis,0.03034379960056536
missingindicator_h1_sysbp_max,-0.030061356750841754,h1_sysbp_max,0.030061356750841754
missingindicator_h1_sysbp_min,-0.030061356750841754,h1_sysbp_min,0.030061356750841754
hospital_id_132.0,0.02995644503343025,hospital_id,0.02995644503343025
icu_id_499.0,0.02995644503343025,icu_id,0.02995644503343025
missingindicator_h1_bun_max,0.029867315155597846,h1_bun_max,0.029867315155597846
missingindicator_h1_bun_min,0.029867315155597846,h1_bun_min,0.029867315155597846
icu_id_700.0,0.029481582547560205,icu_id,0.029481582547560205
apache_3j_diagnosis_1208.14,0.029180753692591713,apache_3j_diagnosis,0.029180753692591713
apache_3j_diagnosis_1212.01,-0.02915962128047624,apache_3j_diagnosis,0.02915962128047624
apache_3j_diagnosis_1407.01,-0.029032764281263206,apache_3j_diagnosis,0.029032764281263206
h1_platelets_max,-0.02887983602575494,h1_platelets_max,0.02887983602575494
icu_id_335.0,0.028756283673530607,icu_id,0.028756283673530607
missingindicator_h1_calcium_max,-0.028595126796274888,h1_calcium_max,0.028595126796274888
missingindicator_h1_calcium_min,-0.028595126796274888,h1_calcium_min,0.028595126796274888
icu_id_470.0,-0.028520735162384053,icu_id,0.028520735162384053
hospital_id_160.0,-0.028520735162384053,hospital_id,0.028520735162384053
hospital_id_119.0,-0.02848464988976197,hospital_id,0.02848464988976197
icu_id_417.0,-0.02848464988976197,icu_id,0.02848464988976197
apache_3j_diagnosis_604.04,-0.028424668339809347,apache_3j_diagnosis,0.028424668339809347
apache_3j_diagnosis_1208.07,-0.028397714711057707,apache_3j_diagnosis,0.028397714711057707
apache_3j_diagnosis_1602.16,0.028315098733597437,apache_3j_diagnosis,0.028315098733597437
hospital_id_89.0,0.028267272710856477,hospital_id,0.028267272710856477
icu_id_133.0,0.028267272710856477,icu_id,0.028267272710856477
hepatic_failure,0.028218736786208638,hepatic_failure,0.028218736786208638
icu_id_445.0,0.028214309726119942,icu_id,0.028214309726119942
icu_id_650.0,-0.028185533890665037,icu_id,0.028185533890665037
icu_id_171.0,-0.02812307511121122,icu_id,0.02812307511121122
hospital_id_91.0,-0.02812307511121122,hospital_id,0.02812307511121122
missingindicator_d1_mbp_max,-0.028090084875619235,d1_mbp_max,0.028090084875619235
missingindicator_d1_mbp_min,-0.028090084875619235,d1_mbp_min,0.028090084875619235
apache_3j_diagnosis_1208.12,0.028082601429267523,apache_3j_diagnosis,0.028082601429267523
apache_3j_diagnosis_602.15,-0.02803233407240363,apache_3j_diagnosis,0.02803233407240363
d1_resprate_max,0.02751146746900902,d1_resprate_max,0.02751146746900902
apache_3j_diagnosis_1405.06,0.02719861972842883,apache_3j_diagnosis,0.02719861972842883
missingindicator_gcs_verbal_apache,0.027137402731665313,gcs_verbal_apache,0.027137402731665313
missingindicator_gcs_eyes_apache,0.027137402731665313,gcs_eyes_apache,0.027137402731665313
missingindicator_gcs_motor_apache,0.027137402731665313,gcs_motor_apache,0.027137402731665313
icu_id_82.0,-0.027072667860135013,icu_id,0.027072667860135013
hospital_id_69.0,-0.027072667860135013,hospital_id,0.027072667860135013
hospital_id_184.0,0.02688772380373214,hospital_id,0.02688772380373214
icu_id_907.0,0.02688772380373214,icu_id,0.02688772380373214
apache_3j_diagnosis_1409.02,-0.02674210240176216,apache_3j_diagnosis,0.02674210240176216
missingindicator_d1_bun_max,-0.02668931282067913,d1_bun_max,0.02668931282067913
missingindicator_d1_bun_min,-0.02668931282067913,d1_bun_min,0.02668931282067913
d1_temp_max,0.0266765896078131,d1_temp_max,0.0266765896078131
missingindicator_albumin_apache,-0.026666666600490274,albumin_apache,0.026666666600490274
d1_bilirubin_max,0.026652278464627824,d1_bilirubin_max,0.026652278464627824
apache_3j_diagnosis_1206.01,0.026608305401396876,apache_3j_diagnosis,0.026608305401396876
apache_3j_diagnosis_313.05,0.026036222743997365,apache_3j_diagnosis,0.026036222743997365
apache_3j_diagnosis_1602.14,-0.02601058496058477,apache_3j_diagnosis,0.02601058496058477
apache_3j_diagnosis_801.03,0.025992167935060845,apache_3j_diagnosis,0.025992167935060845
h1_hematocrit_max,0.025939660823492812,h1_hematocrit_max,0.025939660823492812
apache_3j_diagnosis_1405.01,0.025642748701794022,apache_3j_diagnosis,0.025642748701794022
apache_3j_diagnosis_0.11,-0.02539973053654667,apache_3j_diagnosis,0.02539973053654667
icu_id_685.0,0.025089463136966035,icu_id,0.025089463136966035
hospital_id_37.0,0.025089463136966035,hospital_id,0.025089463136966035
hospital_admit_source_ICU,-0.025074717475455494,hospital_admit_source,0.025074717475455494
apache_3j_diagnosis_1202.05,-0.02506205170270942,apache_3j_diagnosis,0.02506205170270942
missingindicator_d1_arterial_ph_max,0.024930993801585265,d1_arterial_ph_max,0.024930993801585265
missingindicator_d1_arterial_ph_min,0.024930993801585265,d1_arterial_ph_min,0.024930993801585265
hospital_admit_source_Step-Down Unit (SDU),0.024878710881730833,hospital_admit_source,0.024878710881730833
apache_3j_diagnosis_1506.03,-0.024820725786633725,apache_3j_diagnosis,0.024820725786633725
h1_hemaglobin_max,-0.02475573960025069,h1_hemaglobin_max,0.02475573960025069
apache_3j_diagnosis_1101.07,-0.024659027382410003,apache_3j_diagnosis,0.024659027382410003
apache_3j_diagnosis_312.04,0.02450564877490576,apache_3j_diagnosis,0.02450564877490576
apache_3j_diagnosis_602.01,-0.02434923562807874,apache_3j_diagnosis,0.02434923562807874
icu_id_679.0,-0.024287667174678867,icu_id,0.024287667174678867
icu_id_869.0,-0.024251941240122917,icu_id,0.024251941240122917
apache_3j_diagnosis_1211.02,-0.024216077148115415,apache_3j_diagnosis,0.024216077148115415
apache_3j_diagnosis_1304.07,0.02406039601117661,apache_3j_diagnosis,0.02406039601117661
apache_3j_diagnosis_2201.05,0.023894515332554076,apache_3j_diagnosis,0.023894515332554076
apache_3j_diagnosis_1303.01,-0.023881361369774406,apache_3j_diagnosis,0.023881361369774406
apache_3j_diagnosis_1506.01,0.023803383459467673,apache_3j_diagnosis,0.023803383459467673
ethnicity_Hispanic,-0.023721631455557664,ethnicity,0.023721631455557664
apache_3j_diagnosis_1502.01,0.023695694363247696,apache_3j_diagnosis,0.023695694363247696
hospital_id_111.0,-0.023629715227078043,hospital_id,0.023629715227078043
icu_id_602.0,-0.023629715227078043,icu_id,0.023629715227078043
apache_3j_diagnosis_1212.02,0.023625811246759214,apache_3j_diagnosis,0.023625811246759214
apache_3j_diagnosis_1602.19,0.023537034061085618,apache_3j_diagnosis,0.023537034061085618
h1_mbp_max,0.0234564774199816,h1_mbp_max,0.0234564774199816
icu_id_786.0,0.023110840957093096,icu_id,0.023110840957093096
apache_3j_diagnosis_602.16,-0.02310869401568339,apache_3j_diagnosis,0.02310869401568339
apache_3j_diagnosis_1602.17,0.0228720441907408,apache_3j_diagnosis,0.0228720441907408
apache_3j_diagnosis_802.05,0.02278134628169438,apache_3j_diagnosis,0.02278134628169438
missingindicator_d1_bilirubin_max,-0.022640680247896238,d1_bilirubin_max,0.022640680247896238
missingindicator_d1_bilirubin_min,-0.022640680247896238,d1_bilirubin_min,0.022640680247896238
apache_3j_diagnosis_1903.03,-0.02244439082056773,apache_3j_diagnosis,0.02244439082056773
apache_3j_diagnosis_211.02,0.02228252840823178,apache_3j_diagnosis,0.02228252840823178
apache_3j_diagnosis_1504.05,-0.02215313172070826,apache_3j_diagnosis,0.02215313172070826
missingindicator_d1_diasbp_invasive_min,-0.022079579850530672,d1_diasbp_invasive_min,0.022079579850530672
missingindicator_d1_diasbp_invasive_max,-0.022079579850530672,d1_diasbp_invasive_max,0.022079579850530672
apache_2_diagnosis_110.0,0.022048481184285585,apache_2_diagnosis,0.022048481184285585
apache_3j_diagnosis_1504.01,-0.021965230916877996,apache_3j_diagnosis,0.021965230916877996
hospital_id_10.0,0.021912024943265954,hospital_id,0.021912024943265954
apache_3j_diagnosis_1301.01,-0.02190753352373199,apache_3j_diagnosis,0.02190753352373199
apache_3j_diagnosis_301.02,-0.021894153022492042,apache_3j_diagnosis,0.021894153022492042
missingindicator_bilirubin_apache,0.02186287615354902,bilirubin_apache,0.02186287615354902
missingindicator_creatinine_apache,-0.02185100347361711,creatinine_apache,0.02185100347361711
apache_3j_diagnosis_1411.01,0.021628336281487925,apache_3j_diagnosis,0.021628336281487925
apache_3j_diagnosis_1605.01,0.021554483162493258,apache_3j_diagnosis,0.021554483162493258
bmi,0.02150239035148605,bmi,0.02150239035148605
hospital_id_180.0,0.02138741826131206,hospital_id,0.02138741826131206
icu_id_666.0,0.02138741826131206,icu_id,0.02138741826131206
apache_3j_diagnosis_1405.07,0.02136898367700429,apache_3j_diagnosis,0.02136898367700429
apache_3j_diagnosis_1208.09,-0.021311740895398237,apache_3j_diagnosis,0.021311740895398237
hospital_id_68.0,0.021242260358363935,hospital_id,0.021242260358363935
icu_id_134.0,0.021242260358363935,icu_id,0.021242260358363935
hematocrit_apache,0.02123142669211333,hematocrit_apache,0.02123142669211333
apache_3j_diagnosis_406.02,-0.021205338535879307,apache_3j_diagnosis,0.021205338535879307
apache_3j_diagnosis_312.01,-0.021146071245087415,apache_3j_diagnosis,0.021146071245087415
apache_3j_diagnosis_1403.01,-0.021047997778399694,apache_3j_diagnosis,0.021047997778399694
icu_id_467.0,-0.02087322005172964,icu_id,0.02087322005172964
missingindicator_h1_diasbp_invasive_max,0.020617205725892592,h1_diasbp_invasive_max,0.020617205725892592
missingindicator_h1_diasbp_invasive_min,0.020617205725892592,h1_diasbp_invasive_min,0.020617205725892592
hospital_id_88.0,-0.020568909549354874,hospital_id,0.020568909549354874
icu_id_400.0,-0.020568909549354874,icu_id,0.020568909549354874
apache_3j_diagnosis_1506.05,0.02053478105683679,apache_3j_diagnosis,0.02053478105683679
missingindicator_h1_hemaglobin_max,-0.02045441515698745,h1_hemaglobin_max,0.02045441515698745
missingindicator_h1_hemaglobin_min,-0.02045441515698745,h1_hemaglobin_min,0.02045441515698745
missingindicator_d1_albumin_min,0.020205272678546125,d1_albumin_min,0.020205272678546125
missingindicator_d1_albumin_max,0.020205272678546125,d1_albumin_max,0.020205272678546125
missingindicator_bun_apache,-0.0201691203664279,bun_apache,0.0201691203664279
missingindicator_d1_mbp_noninvasive_max,0.020004057054624807,d1_mbp_noninvasive_max,0.020004057054624807
missingindicator_d1_mbp_noninvasive_min,0.020004057054624807,d1_mbp_noninvasive_min,0.020004057054624807
apache_3j_diagnosis_901.02,-0.019949241586526986,apache_3j_diagnosis,0.019949241586526986
hospital_id_140.0,-0.019932875867194676,hospital_id,0.019932875867194676
icu_id_126.0,-0.019932875867194676,icu_id,0.019932875867194676
apache_3j_diagnosis_1408.05,0.019844830644258685,apache_3j_diagnosis,0.019844830644258685
icu_id_398.0,0.01979622904258236,icu_id,0.01979622904258236
hospital_id_23.0,0.01979622904258236,hospital_id,0.01979622904258236
h1_hematocrit_min,-0.019635504548299147,h1_hematocrit_min,0.019635504548299147
apache_3j_diagnosis_1210.01,-0.01948697338284912,apache_3j_diagnosis,0.01948697338284912
icu_id_97.0,-0.019463548733083463,icu_id,0.019463548733083463
apache_3j_diagnosis_1408.04,0.019353485573466757,apache_3j_diagnosis,0.019353485573466757
hospital_id_177.0,0.019301108462890165,hospital_id,0.019301108462890165
icu_id_248.0,0.019301108462890165,icu_id,0.019301108462890165
icu_id_252.0,0.019001911086239196,icu_id,0.019001911086239196
hospital_id_79.0,-0.018944959339117055,hospital_id,0.018944959339117055
apache_2_diagnosis_212.0,-0.018938466721401787,apache_2_diagnosis,0.018938466721401787
apache_3j_diagnosis_109.03,-0.01890059975767003,apache_3j_diagnosis,0.01890059975767003
missingindicator_d1_platelets_min,0.018896901333028494,d1_platelets_min,0.018896901333028494
missingindicator_d1_platelets_max,0.018896901333028494,d1_platelets_max,0.018896901333028494
missingindicator_sodium_apache,0.018852415639072553,sodium_apache,0.018852415639072553
icu_id_181.0,-0.018794462681471443,icu_id,0.018794462681471443
hospital_id_94.0,-0.018787117270156917,hospital_id,0.018787117270156917
icu_id_656.0,-0.018787117270156917,icu_id,0.018787117270156917
h1_diasbp_min,-0.01873325119701106,h1_diasbp_min,0.01873325119701106
h1_arterial_pco2_max,0.018627673838783967,h1_arterial_pco2_max,0.018627673838783967
apache_3j_bodysystem_Gastrointestinal,-0.018561689511221023,apache_3j_bodysystem,0.018561689511221023
apache_2_bodysystem_Gastrointestinal,-0.018561689511221023,apache_2_bodysystem,0.018561689511221023
apache_3j_diagnosis_1302.03,0.018133880517161784,apache_3j_diagnosis,0.018133880517161784
apache_3j_diagnosis_409.01,-0.018075724535919598,apache_3j_diagnosis,0.018075724535919598
apache_3j_diagnosis_604.05,-0.018031594046235513,apache_3j_diagnosis,0.018031594046235513
hospital_id_169.0,0.01792284415118415,hospital_id,0.01792284415118415
apache_3j_diagnosis_601.06,0.017688415086294762,apache_3j_diagnosis,0.017688415086294762
sodium_apache,0.017653774616730986,sodium_apache,0.017653774616730986
d1_inr_min,0.017609536738839606,d1_inr_min,0.017609536738839606
h1_inr_min,0.017609536738839606,h1_inr_min,0.017609536738839606
apache_3j_diagnosis_109.13,-0.0175449133538181,apache_3j_diagnosis,0.0175449133538181
apache_3j_diagnosis_1902.05,0.017382706794487498,apache_3j_diagnosis,0.017382706794487498
icu_id_594.0,0.017355094929662945,icu_id,0.017355094929662945
apache_3j_diagnosis_1801.01,-0.01723639974484366,apache_3j_diagnosis,0.01723639974484366
apache_3j_diagnosis_109.02,-0.01719607494472035,apache_3j_diagnosis,0.01719607494472035
wbc_apache,-0.01704876811336591,wbc_apache,0.01704876811336591
apache_3j_diagnosis_602.17,-0.016977350470912336,apache_3j_diagnosis,0.016977350470912336
apache_3j_diagnosis_601.03,-0.016929283548196644,apache_3j_diagnosis,0.016929283548196644
leukemia,0.016813259500829725,leukemia,0.016813259500829725
d1_inr_max,0.016722284862788324,d1_inr_max,0.016722284862788324
h1_inr_max,0.016722284862788324,h1_inr_max,0.016722284862788324
apache_3j_diagnosis_1705.04,0.01671155412360686,apache_3j_diagnosis,0.01671155412360686
icu_id_823.0,-0.01667631662999055,icu_id,0.01667631662999055
hospital_id_38.0,-0.01667631662999055,hospital_id,0.01667631662999055
apache_3j_diagnosis_1403.03,0.016531920445256584,apache_3j_diagnosis,0.016531920445256584
h1_albumin_max,-0.016385957784706168,h1_albumin_max,0.016385957784706168
apache_3j_diagnosis_1503.01,-0.016243777462044348,apache_3j_diagnosis,0.016243777462044348
apache_2_diagnosis_218.0,0.016194898967852884,apache_2_diagnosis,0.016194898967852884
icu_id_125.0,-0.016191601127329664,icu_id,0.016191601127329664
hospital_id_198.0,-0.016191601127329664,hospital_id,0.016191601127329664
apache_3j_diagnosis_1408.09,0.01598448298409729,apache_3j_diagnosis,0.01598448298409729
apache_3j_diagnosis_1701.01,0.015920104553945987,apache_3j_diagnosis,0.015920104553945987
icu_id_603.0,0.015904531165060812,icu_id,0.015904531165060812
apache_3j_diagnosis_703.01,0.015777834470001875,apache_3j_diagnosis,0.015777834470001875
icu_id_804.0,-0.015489907243726888,icu_id,0.015489907243726888
apache_3j_diagnosis_1208.18,0.015459326835515649,apache_3j_diagnosis,0.015459326835515649
apache_3j_diagnosis_1408.01,0.015368002672555845,apache_3j_diagnosis,0.015368002672555845
apache_3j_diagnosis_601.02,-0.015357271144446918,apache_3j_diagnosis,0.015357271144446918
icu_id_906.0,0.015263780970302104,icu_id,0.015263780970302104
apache_3j_diagnosis_301.03,0.01522423013772295,apache_3j_diagnosis,0.01522423013772295
apache_3j_diagnosis_1902.01,0.015222543062304306,apache_3j_diagnosis,0.015222543062304306
missingindicator_d1_sysbp_noninvasive_max,0.015108489570437159,d1_sysbp_noninvasive_max,0.015108489570437159
missingindicator_d1_sysbp_noninvasive_min,0.015108489570437159,d1_sysbp_noninvasive_min,0.015108489570437159
apache_3j_diagnosis_1602.01,-0.015096950135857863,apache_3j_diagnosis,0.015096950135857863
apache_3j_diagnosis_501.06,-0.015044173344406105,apache_3j_diagnosis,0.015044173344406105
h1_bun_max,-0.014950132785378377,h1_bun_max,0.014950132785378377
aids,0.014920643957704045,aids,0.014920643957704045
hospital_id_194.0,-0.014916559566741478,hospital_id,0.014916559566741478
apache_3j_diagnosis_406.04,-0.014853173517214718,apache_3j_diagnosis,0.014853173517214718
gender_missing,-0.014838697158094638,gender,0.014838697158094638
apache_3j_diagnosis_109.15,-0.014798029287182582,apache_3j_diagnosis,0.014798029287182582
apache_3j_diagnosis_802.02,-0.014794196044879691,apache_3j_diagnosis,0.014794196044879691
apache_3j_diagnosis_1304.04,-0.014758326357841604,apache_3j_diagnosis,0.014758326357841604
icu_id_431.0,-0.014737548098422879,icu_id,0.014737548098422879
apache_3j_diagnosis_313.02,-0.01469797547117014,apache_3j_diagnosis,0.01469797547117014
icu_id_114.0,0.014610579336494059,icu_id,0.014610579336494059
bilirubin_apache,0.014560318473582409,bilirubin_apache,0.014560318473582409
icu_id_120.0,-0.014464632341527875,icu_id,0.014464632341527875
hospital_id_113.0,-0.014464632341527875,hospital_id,0.014464632341527875
apache_3j_diagnosis_307.02,0.014457539157816838,apache_3j_diagnosis,0.014457539157816838
apache_3j_diagnosis_1902.04,-0.0144031702253094,apache_3j_diagnosis,0.0144031702253094
missingindicator_h1_arterial_po2_min,-0.01434691023193263,h1_arterial_po2_min,0.01434691023193263
missingindicator_h1_arterial_po2_max,-0.01434691023193263,h1_arterial_po2_max,0.01434691023193263
h1_diasbp_max,0.014289755414485442,h1_diasbp_max,0.014289755414485442
apache_3j_diagnosis_604.03,0.014259438580615798,apache_3j_diagnosis,0.014259438580615798
apache_3j_diagnosis_602.19,0.01422916677312518,apache_3j_diagnosis,0.01422916677312518
d1_mbp_invasive_max,-0.014084418064673474,d1_mbp_invasive_max,0.014084418064673474
apache_3j_diagnosis_1602.04,-0.013979631197901573,apache_3j_diagnosis,0.013979631197901573
apache_3j_diagnosis_1703.05,-0.013974697060316846,apache_3j_diagnosis,0.013974697060316846
apache_3j_diagnosis_1801.02,-0.013955298824682104,apache_3j_diagnosis,0.013955298824682104
apache_3j_diagnosis_211.04,-0.013896050788918665,apache_3j_diagnosis,0.013896050788918665
apache_3j_diagnosis_101.02,0.013745051203688326,apache_3j_diagnosis,0.013745051203688326
d1_sysbp_invasive_min,-0.013689218593564935,d1_sysbp_invasive_min,0.013689218593564935
apache_3j_diagnosis_902.01,-0.013469821804022019,apache_3j_diagnosis,0.013469821804022019
d1_arterial_po2_max,0.013414130242174045,d1_arterial_po2_max,0.013414130242174045
missingindicator_height,0.01332050470511894,height,0.01332050470511894
h1_sysbp_invasive_max,0.013309284792992591,h1_sysbp_invasive_max,0.013309284792992591
apache_3j_diagnosis_602.13,-0.013303023653517959,apache_3j_diagnosis,0.013303023653517959
d1_creatinine_min,0.013229374552704157,d1_creatinine_min,0.013229374552704157
apache_3j_diagnosis_602.12,0.013224951489155425,apache_3j_diagnosis,0.013224951489155425
lymphoma,0.01317950690019849,lymphoma,0.01317950690019849
apache_3j_diagnosis_109.14,-0.013144847409528457,apache_3j_diagnosis,0.013144847409528457
apache_3j_diagnosis_1403.02,-0.013125550894699784,apache_3j_diagnosis,0.013125550894699784
hospital_id_134.0,-0.013099145539567232,hospital_id,0.013099145539567232
icu_id_174.0,-0.013099145539567232,icu_id,0.013099145539567232
apache_3j_diagnosis_501.03,-0.012961750751484891,apache_3j_diagnosis,0.012961750751484891
icu_id_862.0,0.012665438844424993,icu_id,0.012665438844424993
icu_id_366.0,-0.012602999533177905,icu_id,0.012602999533177905
apache_3j_diagnosis_105.02,0.012568703832260188,apache_3j_diagnosis,0.012568703832260188
missingindicator_h1_inr_max,-0.012549173591633747,h1_inr_max,0.012549173591633747
missingindicator_h1_inr_min,-0.012549173591633747,h1_inr_min,0.012549173591633747
missingindicator_d1_inr_max,-0.012549173591633747,d1_inr_max,0.012549173591633747
missingindicator_d1_inr_min,-0.012549173591633747,d1_inr_min,0.012549173591633747
missingindicator_d1_temp_min,0.012494203804322776,d1_temp_min,0.012494203804322776
missingindicator_d1_temp_max,0.012494203804322776,d1_temp_max,0.012494203804322776
apache_3j_diagnosis_102.02,-0.012460060020653278,apache_3j_diagnosis,0.012460060020653278
hospital_id_129.0,-0.012308611172001082,hospital_id,0.012308611172001082
icu_id_135.0,-0.012308611172001082,icu_id,0.012308611172001082
missingindicator_d1_wbc_max,-0.012247884152501543,d1_wbc_max,0.012247884152501543
missingindicator_d1_wbc_min,-0.012247884152501543,d1_wbc_min,0.012247884152501543
hospital_id_66.0,-0.012233289578832423,hospital_id,0.012233289578832423
icu_id_922.0,-0.012233289578832423,icu_id,0.012233289578832423
missingindicator_d1_lactate_min,-0.012195894856758312,d1_lactate_min,0.012195894856758312
missingindicator_d1_lactate_max,-0.012195894856758312,d1_lactate_max,0.012195894856758312
apache_3j_diagnosis_1208.04,-0.012132714784807954,apache_3j_diagnosis,0.012132714784807954
apache_3j_diagnosis_1203.02,-0.012062757401918608,apache_3j_diagnosis,0.012062757401918608
apache_3j_diagnosis_109.12,-0.012035095571862697,apache_3j_diagnosis,0.012035095571862697
icu_id_158.0,-0.011975962242751577,icu_id,0.011975962242751577
hospital_id_124.0,-0.011975962242751577,hospital_id,0.011975962242751577
missingindicator_h1_glucose_min,-0.011942872629206921,h1_glucose_min,0.011942872629206921
missingindicator_h1_glucose_max,-0.011942872629206921,h1_glucose_max,0.011942872629206921
d1_pao2fio2ratio_max,-0.011907203719393404,d1_pao2fio2ratio_max,0.011907203719393404
apache_3j_diagnosis_1302.01,-0.011839819738336694,apache_3j_diagnosis,0.011839819738336694
apache_3j_bodysystem_Respiratory,0.01176989146819205,apache_3j_bodysystem,0.01176989146819205
apache_2_bodysystem_Respiratory,0.01176989146819205,apache_2_bodysystem,0.01176989146819205
hospital_id_84.0,-0.011728041492369288,hospital_id,0.011728041492369288
h1_spo2_max,-0.011673045143430072,h1_spo2_max,0.011673045143430072
missingindicator_h1_mbp_max,0.011671013973662728,h1_mbp_max,0.011671013973662728
missingindicator_h1_mbp_min,0.011671013973662728,h1_mbp_min,0.011671013973662728
missingindicator_h1_sodium_max,-0.011655934051153295,h1_sodium_max,0.011655934051153295
missingindicator_h1_sodium_min,-0.011655934051153295,h1_sodium_min,0.011655934051153295
d1_arterial_ph_min,0.011630378582717019,d1_arterial_ph_min,0.011630378582717019
apache_3j_diagnosis_901.06,-0.011595782974443468,apache_3j_diagnosis,0.011595782974443468
icu_id_212.0,0.011584736010605567,icu_id,0.011584736010605567
icu_id_641.0,-0.011581265801889855,icu_id,0.011581265801889855
hospital_id_9.0,-0.011581265801889855,hospital_id,0.011581265801889855
apache_3j_diagnosis_1208.1,-0.01132706095742484,apache_3j_diagnosis,0.01132706095742484
icu_id_780.0,0.011277008865673063,icu_id,0.011277008865673063
icu_id_915.0,-0.0112419358175419,icu_id,0.0112419358175419
apache_2_diagnosis_108.0,-0.011208519297384782,apache_2_diagnosis,0.011208519297384782
apache_3j_diagnosis_203.01,-0.011208519297384782,apache_3j_diagnosis,0.011208519297384782
apache_3j_diagnosis_602.02,-0.011087897598311653,apache_3j_diagnosis,0.011087897598311653
hospital_admit_source_Chest Pain Center,-0.010892877386821273,hospital_admit_source,0.010892877386821273
apache_3j_diagnosis_602.08,0.010891656087524682,apache_3j_diagnosis,0.010891656087524682
missingindicator_h1_heartrate_max,-0.010849587858081058,h1_heartrate_max,0.010849587858081058
missingindicator_h1_heartrate_min,-0.010849587858081058,h1_heartrate_min,0.010849587858081058
apache_3j_diagnosis_1304.09,-0.010678685938557371,apache_3j_diagnosis,0.010678685938557371
height,0.010646889959820754,height,0.010646889959820754
apache_3j_diagnosis_704.04,0.010633344218600705,apache_3j_diagnosis,0.010633344218600705
apache_3j_diagnosis_802.08,-0.01056260520888125,apache_3j_diagnosis,0.01056260520888125
missingindicator_h1_diasbp_noninvasive_min,-0.010547837342673822,h1_diasbp_noninvasive_min,0.010547837342673822
missingindicator_h1_diasbp_noninvasive_max,-0.010547837342673822,h1_diasbp_noninvasive_max,0.010547837342673822
icu_id_508.0,-0.010532017270335115,icu_id,0.010532017270335115
apache_3j_diagnosis_602.14,-0.010393272365019201,apache_3j_diagnosis,0.010393272365019201
apache_3j_diagnosis_1208.05,-0.010349173157901001,apache_3j_diagnosis,0.010349173157901001
icu_id_517.0,-0.010271172277225698,icu_id,0.010271172277225698
d1_sysbp_max,-0.010246080000801804,d1_sysbp_max,0.010246080000801804
apache_3j_diagnosis_602.04,0.010051830159667667,apache_3j_diagnosis,0.010051830159667667
apache_3j_diagnosis_1303.02,0.010041437553748402,apache_3j_diagnosis,0.010041437553748402
apache_3j_diagnosis_1505.01,0.009893938313659532,apache_3j_diagnosis,0.009893938313659532
h1_mbp_invasive_max,0.009716934042178674,h1_mbp_invasive_max,0.009716934042178674
apache_3j_diagnosis_1506.04,0.009716758263838375,apache_3j_diagnosis,0.009716758263838375
missingindicator_h1_lactate_max,0.009603799349640884,h1_lactate_max,0.009603799349640884
missingindicator_h1_lactate_min,0.009603799349640884,h1_lactate_min,0.009603799349640884
apache_3j_diagnosis_602.1,-0.009544981383472928,apache_3j_diagnosis,0.009544981383472928
missingindicator_h1_bilirubin_max,0.00954134067608794,h1_bilirubin_max,0.00954134067608794
missingindicator_h1_bilirubin_min,0.00954134067608794,h1_bilirubin_min,0.00954134067608794
icu_id_534.0,-0.009384111881275609,icu_id,0.009384111881275609
apache_3j_diagnosis_211.06,0.00933516796435765,apache_3j_diagnosis,0.00933516796435765
apache_3j_diagnosis_1602.02,-0.009266992260437248,apache_3j_diagnosis,0.009266992260437248
h1_platelets_min,0.009261518818238897,h1_platelets_min,0.009261518818238897
missingindicator_h1_temp_max,0.009207844141797952,h1_temp_max,0.009207844141797952
missingindicator_h1_temp_min,0.009207844141797952,h1_temp_min,0.009207844141797952
hospital_id_130.0,0.009108749782745553,hospital_id,0.009108749782745553
icu_id_365.0,0.009108749782745553,icu_id,0.009108749782745553
apache_3j_diagnosis_703.02,-0.00903850361051844,apache_3j_diagnosis,0.00903850361051844
apache_3j_diagnosis_0.24,-0.009025891001526993,apache_3j_diagnosis,0.009025891001526993
d1_arterial_po2_min,-0.00893620051461969,d1_arterial_po2_min,0.00893620051461969
apache_3j_diagnosis_1604.03,-0.008857642704301288,apache_3j_diagnosis,0.008857642704301288
apache_3j_diagnosis_1903.02,-0.008855220406920298,apache_3j_diagnosis,0.008855220406920298
apache_3j_diagnosis_0.23,-0.008854896059996245,apache_3j_diagnosis,0.008854896059996245
h1_albumin_min,-0.008814738440594062,h1_albumin_min,0.008814738440594062
apache_3j_diagnosis_1703.04,-0.008792442886147838,apache_3j_diagnosis,0.008792442886147838
icu_id_487.0,0.008453781557435567,icu_id,0.008453781557435567
hospital_id_146.0,-0.008432663196759095,hospital_id,0.008432663196759095
missingindicator_h1_arterial_ph_min,0.00827361665353635,h1_arterial_ph_min,0.00827361665353635
missingindicator_h1_arterial_ph_max,0.00827361665353635,h1_arterial_ph_max,0.00827361665353635
apache_3j_diagnosis_0.2,-0.0082694056316668,apache_3j_diagnosis,0.0082694056316668
apache_3j_diagnosis_1705.02,0.008188742260273489,apache_3j_diagnosis,0.008188742260273489
apache_3j_diagnosis_1413.02,-0.00813093840592891,apache_3j_diagnosis,0.00813093840592891
hospital_id_34.0,-0.008125574952826316,hospital_id,0.008125574952826316
icu_id_170.0,-0.008125574952826316,icu_id,0.008125574952826316
apache_3j_diagnosis_1504.02,-0.007969658797346143,apache_3j_diagnosis,0.007969658797346143
icu_type_CCU-CTICU,0.007958859359308961,icu_type,0.007958859359308961
apache_3j_diagnosis_801.01,-0.00792647966038767,apache_3j_diagnosis,0.00792647966038767
icu_id_144.0,0.00792307727517749,icu_id,0.00792307727517749
hospital_id_74.0,0.00792307727517749,hospital_id,0.00792307727517749
hospital_id_150.0,0.007854091341462059,hospital_id,0.007854091341462059
icu_id_160.0,0.007854091341462059,icu_id,0.007854091341462059
icu_id_187.0,0.007818920412368178,icu_id,0.007818920412368178
apache_3j_diagnosis_1304.06,-0.0077020556443680235,apache_3j_diagnosis,0.0077020556443680235
icu_id_766.0,-0.007655959623813611,icu_id,0.007655959623813611
apache_3j_diagnosis_1602.15,-0.0076306519333678375,apache_3j_diagnosis,0.0076306519333678375
temp_apache,-0.007433441229327936,temp_apache,0.007433441229327936
apache_3j_diagnosis_701.01,0.007408002208722043,apache_3j_diagnosis,0.007408002208722043
icu_admit_source_missing,0.007345537904979294,icu_admit_source,0.007345537904979294
d1_diasbp_invasive_max,0.007329859850516197,d1_diasbp_invasive_max,0.007329859850516197
apache_2_bodysystem_Undefined Diagnoses,0.007310617134550283,apache_2_bodysystem,0.007310617134550283
h1_creatinine_max,0.007246307272073219,h1_creatinine_max,0.007246307272073219
icu_id_93.0,0.007235844913204222,icu_id,0.007235844913204222
apache_3j_diagnosis_1408.03,-0.007235325269031458,apache_3j_diagnosis,0.007235325269031458
apache_3j_diagnosis_1207.02,0.007227795711969065,apache_3j_diagnosis,0.007227795711969065
icu_id_903.0,-0.007170157280361322,icu_id,0.007170157280361322
hospital_id_167.0,-0.007170157280361322,hospital_id,0.007170157280361322
apache_3j_diagnosis_1408.07,-0.007170047641135964,apache_3j_diagnosis,0.007170047641135964
missingindicator_h1_mbp_noninvasive_max,0.007090698113228807,h1_mbp_noninvasive_max,0.007090698113228807
missingindicator_h1_mbp_noninvasive_min,0.007090698113228807,h1_mbp_noninvasive_min,0.007090698113228807
icu_admit_source_Other ICU,-0.007084549366379613,icu_admit_source,0.007084549366379613
hospital_id_72.0,-0.007019344023620907,hospital_id,0.007019344023620907
icu_id_389.0,-0.007019344023620907,icu_id,0.007019344023620907
apache_3j_diagnosis_1409.01,-0.007004307222770083,apache_3j_diagnosis,0.007004307222770083
hospital_id_36.0,0.006961990951335522,hospital_id,0.006961990951335522
icu_id_905.0,0.006961990951335522,icu_id,0.006961990951335522
icu_id_242.0,-0.006944244801450223,icu_id,0.006944244801450223
apache_3j_diagnosis_1703.01,-0.006817764415443674,apache_3j_diagnosis,0.006817764415443674
paco2_apache,-0.006809711313233667,paco2_apache,0.006809711313233667
paco2_for_ph_apache,-0.006809711313233667,paco2_for_ph_apache,0.006809711313233667
apache_3j_diagnosis_305.01,-0.006768619860632936,apache_3j_diagnosis,0.006768619860632936
d1_albumin_max,-0.0067249753045154105,d1_albumin_max,0.0067249753045154105
apache_2_bodysystem_Trauma,0.0066861887403222905,apache_2_bodysystem,0.0066861887403222905
apache_3j_bodysystem_Trauma,0.0066861887403222905,apache_3j_bodysystem,0.0066861887403222905
icu_type_Cardiac ICU,0.0066796055328330935,icu_type,0.0066796055328330935
apache_3j_diagnosis_210.02,-0.006648706170966089,apache_3j_diagnosis,0.006648706170966089
apache_2_diagnosis_215.0,0.00660530497645477,apache_2_diagnosis,0.00660530497645477
apache_3j_diagnosis_1506.07,0.006590669318356935,apache_3j_diagnosis,0.006590669318356935
icu_id_338.0,-0.006583751961462045,icu_id,0.006583751961462045
missingindicator_d1_heartrate_max,-0.006463166836248941,d1_heartrate_max,0.006463166836248941
missingindicator_d1_heartrate_min,-0.006463166836248941,d1_heartrate_min,0.006463166836248941
missingindicator_fio2_apache,0.0063662185792657255,fio2_apache,0.0063662185792657255
missingindicator_paco2_for_ph_apache,0.0063662185792657255,paco2_for_ph_apache,0.0063662185792657255
missingindicator_pao2_apache,0.0063662185792657255,pao2_apache,0.0063662185792657255
missingindicator_ph_apache,0.0063662185792657255,ph_apache,0.0063662185792657255
missingindicator_paco2_apache,0.0063662185792657255,paco2_apache,0.0063662185792657255
d1_calcium_max,0.006327477049263894,d1_calcium_max,0.006327477049263894
apache_3j_diagnosis_1704.01,-0.006321033478386357,apache_3j_diagnosis,0.006321033478386357
apache_2_diagnosis_216.0,-0.006321033478386357,apache_2_diagnosis,0.006321033478386357
apache_3j_diagnosis_901.05,-0.005808149592548105,apache_3j_diagnosis,0.005808149592548105
missingindicator_solid_tumor_with_metastasis,-0.005740467974547954,solid_tumor_with_metastasis,0.005740467974547954
missingindicator_arf_apache,-0.005740467974547954,arf_apache,0.005740467974547954
missingindicator_ventilated_apache,-0.005740467974547954,ventilated_apache,0.005740467974547954
missingindicator_leukemia,-0.005740467974547954,leukemia,0.005740467974547954
missingindicator_aids,-0.005740467974547954,aids,0.005740467974547954
missingindicator_cirrhosis,-0.005740467974547954,cirrhosis,0.005740467974547954
missingindicator_immunosuppression,-0.005740467974547954,immunosuppression,0.005740467974547954
missingindicator_hepatic_failure,-0.005740467974547954,hepatic_failure,0.005740467974547954
missingindicator_intubated_apache,-0.005740467974547954,intubated_apache,0.005740467974547954
missingindicator_diabetes_mellitus,-0.005740467974547954,diabetes_mellitus,0.005740467974547954
missingindicator_lymphoma,-0.005740467974547954,lymphoma,0.005740467974547954
hospital_id_4.0,-0.005717492176290288,hospital_id,0.005717492176290288
icu_id_153.0,-0.005717492176290288,icu_id,0.005717492176290288
missingindicator_h1_pao2fio2ratio_max,0.005504947730784855,h1_pao2fio2ratio_max,0.005504947730784855
missingindicator_h1_pao2fio2ratio_min,0.005504947730784855,h1_pao2fio2ratio_min,0.005504947730784855
icu_id_677.0,-0.005418023544359644,icu_id,0.005418023544359644
h1_bilirubin_max,0.005404389415155588,h1_bilirubin_max,0.005404389415155588
heart_rate_apache,0.005309765401764935,heart_rate_apache,0.005309765401764935
apache_3j_diagnosis_1601.04,-0.005306650867675643,apache_3j_diagnosis,0.005306650867675643
hospital_admit_source_ICU to SDU,0.005140939731921868,hospital_admit_source,0.005140939731921868
apache_3j_diagnosis_1602.09,-0.005120033990981366,apache_3j_diagnosis,0.005120033990981366
apache_3j_diagnosis_1903.01,-0.005087541570937655,apache_3j_diagnosis,0.005087541570937655
apache_3j_diagnosis_1803.02,-0.005048606983084623,apache_3j_diagnosis,0.005048606983084623
apache_3j_diagnosis_1208.06,0.00488765041389712,apache_3j_diagnosis,0.00488765041389712
missingindicator_h1_resprate_min,0.004857585068309051,h1_resprate_min,0.004857585068309051
missingindicator_h1_resprate_max,0.004857585068309051,h1_resprate_max,0.004857585068309051
hospital_id_116.0,0.004837768231701258,hospital_id,0.004837768231701258
missingindicator_d1_diasbp_noninvasive_min,-0.004825521374895732,d1_diasbp_noninvasive_min,0.004825521374895732
missingindicator_d1_diasbp_noninvasive_max,-0.004825521374895732,d1_diasbp_noninvasive_max,0.004825521374895732
apache_3j_diagnosis_1602.13,-0.004734872658612237,apache_3j_diagnosis,0.004734872658612237
apache_3j_diagnosis_903.01,-0.004717826335768997,apache_3j_diagnosis,0.004717826335768997
apache_3j_diagnosis_1208.11,-0.004716617624387728,apache_3j_diagnosis,0.004716617624387728
icu_id_611.0,-0.004658720075197938,icu_id,0.004658720075197938
apache_3j_diagnosis_1203.01,-0.004650268335225546,apache_3j_diagnosis,0.004650268335225546
hospital_id_182.0,0.004604954418836759,hospital_id,0.004604954418836759
icu_id_506.0,0.004604954418836759,icu_id,0.004604954418836759
apache_3j_diagnosis_1208.15,-0.004556848651870434,apache_3j_diagnosis,0.004556848651870434
h1_lactate_max,0.004479865588052453,h1_lactate_max,0.004479865588052453
icu_id_711.0,0.004418641572545576,icu_id,0.004418641572545576
missingindicator_h1_hco3_min,0.004263981400311961,h1_hco3_min,0.004263981400311961
missingindicator_h1_hco3_max,0.004263981400311961,h1_hco3_max,0.004263981400311961
apache_3j_diagnosis_1602.11,-0.004151779873152642,apache_3j_diagnosis,0.004151779873152642
icu_id_486.0,0.004126175874663748,icu_id,0.004126175874663748
hospital_id_107.0,0.004126175874663748,hospital_id,0.004126175874663748
apache_3j_diagnosis_1405.05,-0.004097250640871587,apache_3j_diagnosis,0.004097250640871587
apache_3j_diagnosis_109.05,0.004094942292142724,apache_3j_diagnosis,0.004094942292142724
missingindicator_h1_hematocrit_min,0.0040571320169456495,h1_hematocrit_min,0.0040571320169456495
missingindicator_h1_hematocrit_max,0.0040571320169456495,h1_hematocrit_max,0.0040571320169456495
hospital_id_95.0,-0.004010622698511254,hospital_id,0.004010622698511254
icu_id_230.0,-0.004010622698511254,icu_id,0.004010622698511254
icu_id_497.0,0.004000194622002227,icu_id,0.004000194622002227
hospital_id_53.0,0.004000194622002227,hospital_id,0.004000194622002227
apache_3j_diagnosis_1505.02,0.003915194076147028,apache_3j_diagnosis,0.003915194076147028
icu_id_386.0,0.0038678959503308697,icu_id,0.0038678959503308697
apache_3j_diagnosis_1202.04,-0.003808994762695603,apache_3j_diagnosis,0.003808994762695603
apache_3j_diagnosis_802.06,-0.0037830820058413375,apache_3j_diagnosis,0.0037830820058413375
apache_3j_diagnosis_1208.08,-0.003781276475979664,apache_3j_diagnosis,0.003781276475979664
apache_3j_diagnosis_704.09,-0.0037368699996154827,apache_3j_diagnosis,0.0037368699996154827
apache_3j_diagnosis_1602.21,-0.003691238269613936,apache_3j_diagnosis,0.003691238269613936
apache_3j_diagnosis_604.02,0.0036862390151528725,apache_3j_diagnosis,0.0036862390151528725
apache_3j_diagnosis_1207.03,0.0036311369869284557,apache_3j_diagnosis,0.0036311369869284557
apache_3j_diagnosis_406.01,-0.003474841191534211,apache_3j_diagnosis,0.003474841191534211
apache_3j_diagnosis_604.06,0.0033174788914261642,apache_3j_diagnosis,0.0033174788914261642
icu_id_697.0,0.003312554276354853,icu_id,0.003312554276354853
hospital_id_3.0,-0.003037813479089851,hospital_id,0.003037813479089851
icu_id_917.0,-0.003037813479089851,icu_id,0.003037813479089851
apache_3j_diagnosis_704.06,-0.0030316727208724056,apache_3j_diagnosis,0.0030316727208724056
icu_id_493.0,-0.0029740429261944346,icu_id,0.0029740429261944346
hospital_id_87.0,-0.0029740429261944346,hospital_id,0.0029740429261944346
apache_3j_diagnosis_603.01,0.002809919774453978,apache_3j_diagnosis,0.002809919774453978
apache_3j_diagnosis_1701.03,-0.002781612405954388,apache_3j_diagnosis,0.002781612405954388
hospital_id_102.0,-0.002749668307882346,hospital_id,0.002749668307882346
icu_id_123.0,-0.002749668307882346,icu_id,0.002749668307882346
icu_id_482.0,0.002711327141199621,icu_id,0.002711327141199621
hospital_id_16.0,0.002711327141199621,hospital_id,0.002711327141199621
hospital_admit_source_Observation,-0.002680340495426244,hospital_admit_source,0.002680340495426244
missingindicator_d1_spo2_max,-0.0026514898508470733,d1_spo2_max,0.0026514898508470733
missingindicator_d1_spo2_min,-0.0026514898508470733,d1_spo2_min,0.0026514898508470733
apache_3j_diagnosis_408.01,0.0026305238650549986,apache_3j_diagnosis,0.0026305238650549986
h1_bun_min,0.002599651236725154,h1_bun_min,0.002599651236725154
d1_sysbp_invasive_max,0.002582948258536095,d1_sysbp_invasive_max,0.002582948258536095
apache_3j_diagnosis_0.22,-0.0025106258089276955,apache_3j_diagnosis,0.0025106258089276955
icu_id_675.0,0.0024811646294580518,icu_id,0.0024811646294580518
apache_3j_diagnosis_408.02,0.0023811276498868664,apache_3j_diagnosis,0.0023811276498868664
apache_3j_diagnosis_0.14,-0.002370296723588443,apache_3j_diagnosis,0.002370296723588443
apache_3j_diagnosis_1604.05,-0.0023467233180047126,apache_3j_diagnosis,0.0023467233180047126
icu_id_684.0,-0.0022052568119884305,icu_id,0.0022052568119884305
hospital_id_139.0,-0.0022052568119884305,hospital_id,0.0022052568119884305
h1_creatinine_min,0.0018800225692733976,h1_creatinine_min,0.0018800225692733976
apache_3j_diagnosis_802.03,-0.001821012661340939,apache_3j_diagnosis,0.001821012661340939
missingindicator_h1_spo2_max,0.0017981702592966933,h1_spo2_max,0.0017981702592966933
missingindicator_h1_spo2_min,0.0017981702592966933,h1_spo2_min,0.0017981702592966933
apache_3j_diagnosis_1408.12,-0.0017138021906676689,apache_3j_diagnosis,0.0017138021906676689
missingindicator_d1_glucose_min,-0.0016988121635509146,d1_glucose_min,0.0016988121635509146
missingindicator_d1_glucose_max,-0.0016988121635509146,d1_glucose_max,0.0016988121635509146
apache_3j_diagnosis_211.07,-0.0016245602629755868,apache_3j_diagnosis,0.0016245602629755868
apache_3j_diagnosis_602.05,-0.0015996602911964866,apache_3j_diagnosis,0.0015996602911964866
apache_3j_diagnosis_2101.01,-0.0015889852378867487,apache_3j_diagnosis,0.0015889852378867487
missingindicator_gcs_unable_apache,0.0015825968903940273,gcs_unable_apache,0.0015825968903940273
missingindicator_d1_resprate_min,0.001498111451425175,d1_resprate_min,0.001498111451425175
missingindicator_d1_resprate_max,0.001498111451425175,d1_resprate_max,0.001498111451425175
apache_3j_diagnosis_704.05,-0.0013358943931291016,apache_3j_diagnosis,0.0013358943931291016
apache_3j_diagnosis_704.1,-0.0013144820000133303,apache_3j_diagnosis,0.0013144820000133303
apache_3j_diagnosis_404.01,0.0012993997463489862,apache_3j_diagnosis,0.0012993997463489862
icu_id_798.0,-0.0012469641660482632,icu_id,0.0012469641660482632
hospital_id_103.0,-0.0012469641660482632,hospital_id,0.0012469641660482632
d1_diasbp_invasive_min,0.0012390262853716537,d1_diasbp_invasive_min,0.0012390262853716537
apache_3j_diagnosis_0.19,-0.0012381011565246157,apache_3j_diagnosis,0.0012381011565246157
icu_id_654.0,-0.0011992805007811319,icu_id,0.0011992805007811319
hospital_id_93.0,-0.0011992805007811319,hospital_id,0.0011992805007811319
apache_3j_diagnosis_1506.1,-0.0011552914278398206,apache_3j_diagnosis,0.0011552914278398206
apache_3j_diagnosis_704.07,0.0011434331031514573,apache_3j_diagnosis,0.0011434331031514573
apache_3j_diagnosis_1506.11,0.0010771623663155376,apache_3j_diagnosis,0.0010771623663155376
apache_3j_diagnosis_1304.01,-0.0010393416494756122,apache_3j_diagnosis,0.0010393416494756122
apache_3j_diagnosis_312.02,-0.0010356490880890005,apache_3j_diagnosis,0.0010356490880890005
icu_id_494.0,-0.00096744264611884,icu_id,0.00096744264611884
apache_3j_diagnosis_1703.08,-0.0009165865298137271,apache_3j_diagnosis,0.0009165865298137271
icu_id_694.0,-0.0009156003001805961,icu_id,0.0009156003001805961
h1_bilirubin_min,-0.0008788741997446035,h1_bilirubin_min,0.0008788741997446035
icu_id_680.0,-0.0008453964735944886,icu_id,0.0008453964735944886
apache_3j_diagnosis_602.2,-0.0007980550178787006,apache_3j_diagnosis,0.0007980550178787006
apache_3j_diagnosis_404.03,0.0007724247977043995,apache_3j_diagnosis,0.0007724247977043995
missingindicator_d1_calcium_min,-0.0007501863442281331,d1_calcium_min,0.0007501863442281331
missingindicator_d1_calcium_max,-0.0007501863442281331,d1_calcium_max,0.0007501863442281331
apache_3j_diagnosis_1601.05,-0.0007458199388423029,apache_3j_diagnosis,0.0007458199388423029
apache_3j_diagnosis_1701.02,-0.000726494879365353,apache_3j_diagnosis,0.000726494879365353
apache_3j_diagnosis_1412.01,0.0006831846393973766,apache_3j_diagnosis,0.0006831846393973766
apache_3j_diagnosis_1202.07,0.0006804484129340543,apache_3j_diagnosis,0.0006804484129340543
apache_3j_diagnosis_602.21,0.0006379179213572739,apache_3j_diagnosis,0.0006379179213572739
missingindicator_h1_albumin_min,-0.0005902418046750691,h1_albumin_min,0.0005902418046750691
missingindicator_h1_albumin_max,-0.0005902418046750691,h1_albumin_max,0.0005902418046750691
apache_3j_diagnosis_0.04,-0.0005693802853408158,apache_3j_diagnosis,0.0005693802853408158
apache_3j_diagnosis_701.02,0.00046013473303779074,apache_3j_diagnosis,0.00046013473303779074
apache_3j_diagnosis_1208.02,-0.00044327119907881535,apache_3j_diagnosis,0.00044327119907881535
apache_3j_diagnosis_1506.02,-0.0004252464383685655,apache_3j_diagnosis,0.0004252464383685655
apache_3j_diagnosis_1602.2,-0.0003999037086984818,apache_3j_diagnosis,0.0003999037086984818
icu_id_620.0,-0.00037861783343600953,icu_id,0.00037861783343600953
hospital_id_80.0,-0.00037861783343600953,hospital_id,0.00037861783343600953
apache_3j_diagnosis_211.11,-0.00032967422805016465,apache_3j_diagnosis,0.00032967422805016465
apache_3j_diagnosis_1202.06,-0.0002977734740211333,apache_3j_diagnosis,0.0002977734740211333
apache_3j_diagnosis_0.18,0.00021116987155951185,apache_3j_diagnosis,0.00021116987155951185
apache_3j_diagnosis_1210.02,0.00020015008577740928,apache_3j_diagnosis,0.00020015008577740928
apache_3j_diagnosis_802.09,0.00018504304243529223,apache_3j_diagnosis,0.00018504304243529223
apache_3j_diagnosis_802.07,-0.00017158267084416287,apache_3j_diagnosis,0.00017158267084416287
apache_3j_diagnosis_1101.04,-4.76131167849491e-05,apache_3j_diagnosis,4.76131167849491e-05
hospital_id_78.0,2.3525096143338458e-05,hospital_id,2.3525096143338458e-05
apache_3j_diagnosis_1705.05,0.0,apache_3j_diagnosis,0.0
apache_3j_diagnosis_1703.07,0.0,apache_3j_diagnosis,0.0
hospital_admit_source_Other,0.0,hospital_admit_source,0.0
icu_id_241.0,0.0,icu_id,0.0
icu_id_302.0,0.0,icu_id,0.0
icu_id_852.0,0.0,icu_id,0.0
apache_3j_diagnosis_901.07,0.0,apache_3j_diagnosis,0.0
apache_3j_diagnosis_704.11,0.0,apache_3j_diagnosis,0.0
apache_3j_diagnosis_704.02,0.0,apache_3j_diagnosis,0.0
icu_id_909.0,0.0,icu_id,0.0
apache_3j_diagnosis_408.03,0.0,apache_3j_diagnosis,0.0
apache_3j_diagnosis_602.03,0.0,apache_3j_diagnosis,0.0
apache_3j_diagnosis_601.07,0.0,apache_3j_diagnosis,0.0
apache_3j_diagnosis_406.03,0.0,apache_3j_diagnosis,0.0
apache_3j_diagnosis_307.04,0.0,apache_3j_diagnosis,0.0
apache_3j_diagnosis_307.03,0.0,apache_3j_diagnosis,0.0
apache_3j_diagnosis_301.04,0.0,apache_3j_diagnosis,0.0
apache_3j_diagnosis_604.01,0.0,apache_3j_diagnosis,0.0
apache_3j_diagnosis_602.18,0.0,apache_3j_diagnosis,0.0
apache_3j_diagnosis_1803.01,0.0,apache_3j_diagnosis,0.0
apache_3j_diagnosis_1506.08,0.0,apache_3j_diagnosis,0.0
apache_3j_diagnosis_1506.09,0.0,apache_3j_diagnosis,0.0
apache_3j_diagnosis_1602.08,0.0,apache_3j_diagnosis,0.0
apache_3j_diagnosis_1602.07,0.0,apache_3j_diagnosis,0.0
apache_3j_diagnosis_1602.1,0.0,apache_3j_diagnosis,0.0
apache_3j_diagnosis_1602.06,0.0,apache_3j_diagnosis,0.0
apache_3j_diagnosis_1601.02,0.0,apache_3j_diagnosis,0.0
apache_3j_diagnosis_1602.03,0.0,apache_3j_diagnosis,0.0
apache_3j_diagnosis_1602.05,0.0,apache_3j_diagnosis,0.0
apache_3j_diagnosis_1604.04,0.0,apache_3j_diagnosis,0.0
apache_3j_diagnosis_1703.03,0.0,apache_3j_diagnosis,0.0
apache_3j_diagnosis_1703.02,0.0,apache_3j_diagnosis,0.0
apache_3j_diagnosis_1701.04,0.0,apache_3j_diagnosis,0.0
apache_3j_diagnosis_1408.11,0.0,apache_3j_diagnosis,0.0
apache_3j_diagnosis_1101.09,0.0,apache_3j_diagnosis,0.0
apache_3j_diagnosis_1202.01,0.0,apache_3j_diagnosis,0.0
apache_3j_diagnosis_1202.02,0.0,apache_3j_diagnosis,0.0
apache_3j_diagnosis_0.02,0.0,apache_3j_diagnosis,0.0
apache_3j_diagnosis_1304.02,0.0,apache_3j_diagnosis,0.0
apache_3j_diagnosis_1208.17,0.0,apache_3j_diagnosis,0.0
icu_id_547.0,0.0,icu_id,0.0
icu_id_531.0,0.0,icu_id,0.0
apache_3j_diagnosis_1202.08,0.0,apache_3j_diagnosis,0.0
apache_3j_diagnosis_1101.05,0.0,apache_3j_diagnosis,0.0
apache_3j_diagnosis_1101.03,0.0,apache_3j_diagnosis,0.0
apache_3j_diagnosis_1101.02,0.0,apache_3j_diagnosis,0.0
apache_3j_diagnosis_211.01,0.0,apache_3j_diagnosis,0.0
apache_3j_diagnosis_210.01,0.0,apache_3j_diagnosis,0.0
apache_3j_diagnosis_1101.01,0.0,apache_3j_diagnosis,0.0
apache_3j_diagnosis_0.09,0.0,apache_3j_diagnosis,0.0
apache_3j_diagnosis_0.15,0.0,apache_3j_diagnosis,0.0
apache_3j_diagnosis_0.06,0.0,apache_3j_diagnosis,0.0
apache_3j_diagnosis_0.03,0.0,apache_3j_diagnosis,0.0
apache_3j_diagnosis_0.21,0.0,apache_3j_diagnosis,0.0
apache_3j_diagnosis_0.01,0.0,apache_3j_diagnosis,0.0
apache_3j_diagnosis_0.13,0.0,apache_3j_diagnosis,0.0
icu_id_364.0,0.0,icu_id,0.0
hospital_id_183.0,0.0,hospital_id,0.0
apache_3j_diagnosis_1304.03,0.0,apache_3j_diagnosis,0.0
apache_3j_diagnosis_1304.1,0.0,apache_3j_diagnosis,0.0
apache_3j_diagnosis_1403.04,0.0,apache_3j_diagnosis,0.0
apache_3j_diagnosis_1408.02,0.0,apache_3j_diagnosis,0.0
apache_3j_diagnosis_1604.01,0.0,apache_3j_diagnosis,0.0
apache_3j_diagnosis_1604.02,0.0,apache_3j_diagnosis,0.0
apache_3j_diagnosis_2101.03,0.0,apache_3j_diagnosis,0.0
readmission_status,0.0,readmission_status,0.0
apache_3j_diagnosis_2201.01,0.0,apache_3j_diagnosis,0.0
apache_3j_diagnosis_2201.02,0.0,apache_3j_diagnosis,0.0
apache_3j_diagnosis_2201.03,0.0,apache_3j_diagnosis,0.0
apache_3j_diagnosis_2201.04,0.0,apache_3j_diagnosis,0.0
